事業所番号,申請者－名称,事業所－名称,事業所－郵便番号,市区町村,事業所－住所,Googleマップ,事業所－電話番号,事業所－FAX番号,指定年月日
4025300254,株式会社UNITY,スカイベース,827-0002,田川郡川崎町,福岡県田川郡川崎町池尻887-1,"<iframe src=""https://www.google.com/maps/embed?pb=!1m18!1m12!1m3!1d830.6563771917357!2d130.8040994292203!3d33.61501991563558!2m3!1f0!2f0!3f0!3m2!1i1024!2i768!4f13.1!3m3!1m2!1s0x3543d8052ad0abf1%3A0xf5fa076cf3457304!2z44CSODI3LTAwMDIg56aP5bKh55yM55Sw5bed6YOh5bed5bSO55S65rGg5bC777yY77yY77yX4oiS77yR!5e0!3m2!1sja!2sjp!4v1639615072899!5m2!1sja!2sjp"" width=""600"" height=""450"" style=""border:0;"" allowfullscreen="""" loading=""lazy""></iframe>",0947-46-5080,0947-46-5080,2021/12/1
4027700295,株式会社みちくさ,ライフサポートしげずみ,802-0811,北九州市小倉南区,福岡県北九州市小倉南区重住二丁目４番２１号,"<iframe src=""https://www.google.com/maps/embed?pb=!1m18!1m12!1m3!1d828.3399503585966!2d130.88878592919795!3d33.85461709879123!2m3!1f0!2f0!3f0!3m2!1i1024!2i768!4f13.1!3m3!1m2!1s0x3543c0b9b8d4c37f%3A0x6f7e5c1ddbb00ea8!2z44CSODAyLTA4MTEg56aP5bKh55yM5YyX5Lmd5bee5biC5bCP5YCJ5Y2X5Yy66YeN5L2P77yS5LiB55uu77yU4oiS77yS77yR!5e0!3m2!1sja!2sjp!4v1639615655291!5m2!1sja!2sjp"" width=""600"" height=""450"" style=""border:0;"" allowfullscreen="""" loading=""lazy""></iframe>",093-931-1090,093-931-1091,2021/12/1
4020000065,株式会社IPPO,ルーツ糸島高田,819-1102,糸島市,福岡県糸島市高田１丁目11-13,"<iframe src=""https://www.google.com/maps/embed?pb=!1m18!1m12!1m3!1d1662.19568190326!2d130.232909123582!3d33.56918650720261!2m3!1f0!2f0!3f0!3m2!1i1024!2i768!4f13.1!3m3!1m2!1s0x3541ebd33bf60117%3A0x721722f4823dbe90!2z44CSODE5LTExMDIg56aP5bKh55yM57O45bO25biC6auY55Sw77yR5LiB55uu77yR77yR!5e0!3m2!1sja!2sjp!4v1639615682081!5m2!1sja!2sjp"" width=""600"" height=""450"" style=""border:0;"" allowfullscreen="""" loading=""lazy""></iframe>",092-332-0781,092-332-0781,2021/12/1
4020200475,Uraraka株式会社,ヒマワリ,813-0001,福岡市東区,福岡県福岡市東区唐原1-4-5,"<iframe src=""https://www.google.com/maps/embed?pb=!1m18!1m12!1m3!1d3320.3192461457384!2d130.4369902150888!3d33.674796880710396!2m3!1f0!2f0!3f0!3m2!1i1024!2i768!4f13.1!3m3!1m2!1s0x35418f2d25c2a94d%3A0x5f9abe92be5245c3!2z44CSODEzLTAwMDEg56aP5bKh55yM56aP5bKh5biC5p2x5Yy65ZSQ5Y6f77yR5LiB55uu77yU4oiS77yV!5e0!3m2!1sja!2sjp!4v1639615700274!5m2!1sja!2sjp"" width=""600"" height=""450"" style=""border:0;"" allowfullscreen="""" loading=""lazy""></iframe>",080-2392-1587,,2021/11/1
4021200359,株式会社ＩＰＰＯ,ルーツ長住,811-1362,福岡市南区,福岡県福岡市南区長住２丁目五区51番地,"<iframe src=""https://www.google.com/maps/embed?pb=!1m18!1m12!1m3!1d3325.108144611354!2d130.39615921508528!3d33.55056643074534!2m3!1f0!2f0!3f0!3m2!1i1024!2i768!4f13.1!3m3!1m2!1s0x354191507c58b081%3A0x86000e213bf6befe!2z44CSODExLTEzNjIg56aP5bKh55yM56aP5bKh5biC5Y2X5Yy66ZW35L2P77yS5LiB55uu!5e0!3m2!1sja!2sjp!4v1639615910927!5m2!1sja!2sjp"" width=""600"" height=""450"" style=""border:0;"" allowfullscreen="""" loading=""lazy""></iframe>",092-710-1333,092-710-1333,2021/11/1
4021600095,株式会社ラシエル,グループホームＲＡＳＩＥＬ昇町,816-0851,春日市,福岡県春日市昇町５丁目３３,"<iframe src=""https://www.google.com/maps/embed?pb=!1m18!1m12!1m3!1d3325.973166605391!2d130.4473156150847!3d33.528083280751794!2m3!1f0!2f0!3f0!3m2!1i1024!2i768!4f13.1!3m3!1m2!1s0x354190c9af69011b%3A0x4acff04f8417772a!2z44CSODE2LTA4NTEg56aP5bKh55yM5pil5pel5biC5piH55S677yV5LiB55uu77yT77yT!5e0!3m2!1sja!2sjp!4v1639615928610!5m2!1sja!2sjp"" width=""600"" height=""450"" style=""border:0;"" allowfullscreen="""" loading=""lazy""></iframe>",092-501-0220,092-501-0230,2021/11/1
4022700530,株式会社　医療福祉ホールディングス,スターホームKURUME,839-0841,久留米市,福岡県久留米市御井旗崎4丁目6番30号2階,"<iframe src=""https://www.google.com/maps/embed?pb=!1m18!1m12!1m3!1d3334.132198948834!2d130.56063001507883!3d33.31535918081291!2m3!1f0!2f0!3f0!3m2!1i1024!2i768!4f13.1!3m3!1m2!1s0x3541a6a5264bf6cd%3A0xc671ac8fa99ef49b!2z44CSODM5LTA4NDEg56aP5bKh55yM5LmF55WZ57Gz5biC5b6h5LqV5peX5bSO77yU5LiB55uu77yW4oiS77yT77yQIDLpmo4!5e0!3m2!1sja!2sjp!4v1639615944425!5m2!1sja!2sjp"" width=""600"" height=""450"" style=""border:0;"" allowfullscreen="""" loading=""lazy""></iframe>",0942-43-3610,0942-43-3611,2021/11/1
4020200467,合同会社パラスポI`sm,パラスポ,812-0054,福岡市東区,福岡県福岡市東区馬出５-７-25　カルム東公園１階,,080-9109-4769,,2021/10/1
4020600161,社会福祉法人緑和会,グループホーム　くりえいと,811-4184,宗像市,福岡県宗像市くりえいと２丁目１１－８,"<iframe src=""https://www.google.com/maps/embed?pb=!1m18!1m12!1m3!1d3314.8201874863607!2d130.56188501509263!3d33.81695308067052!2m3!1f0!2f0!3f0!3m2!1i1024!2i768!4f13.1!3m3!1m2!1s0x35422dcdf3b4a429%3A0x104b2225b0fd190b!2z44CSODExLTQxODQg56aP5bKh55yM5a6X5YOP5biC44GP44KK44GI44GE44Go77yS5LiB55uu77yR77yR4oiS77yY!5e0!3m2!1sja!2sjp!4v1639616027354!5m2!1sja!2sjp"" width=""600"" height=""450"" style=""border:0;"" allowfullscreen="""" loading=""lazy""></iframe>",070-2373-7847,093-644-7005,2021/10/1
4021000239,株式会社ウイルファーマシー,グループホームウイル,814-0161,,福岡県福岡市早良区飯倉3-42-5,,092-821-8255,092-407-1280,2021/10/1
4021000247,株式会社 Re`sela Lig,医療ケア Re`sela Holmes 重留,811-1101,,福岡県福岡市早良区重留4-8-7,,092-407-8840,092-407-8841,2021/10/1
4021100211,社会福祉法人飯盛会,ハーベスト,819-0037,,福岡県福岡市西区飯盛510-9,,092-892-2331,092-892-2332,2021/10/1
4021600087,特定非営利活動法人日々草,グループホーム　モンテ,816-0873,,福岡県春日市日の出町１丁目２１番４号,,080-3441-0349,092-572-1150,2021/10/1
4022700514,医療法人社団　芳英会　宮の陣病院,グループホーム　椿ハウス,839-0801,,福岡県久留米市宮ノ陣１丁目１番１４号,,0942-65-3897,0942-65-3898,2021/10/1
4022700522,ＮＰＯ法人つながろう・アースフレンズ,ガーデンテラス・エルサ,830-0073,,福岡県久留米市大善寺町宮本３４３番地１,,0942-30-1860,0942-30-1860,2021/10/1
4020200459,ＯＵＲＴＩＭＥ株式会社,わおんグループホームみどりが丘,813-0021,,福岡県福岡市東区みどりが丘1-17-9,,090-1345-2825,050-1246-1485,2021/9/1
4021200342,株式会社希樹屋,果樹の家/南,815-0063,,福岡県福岡市南区柳河内2-11-5,,092-408-7992,092-408-7993,2021/9/1
4023400031,株式会社ＩＰＰＯ,ルーツ大木町笹渕,830-0401,,福岡県三潴郡大木町大字笹渕７８０－１,,0944-33-0308,0944-33-0308,2021/9/1
4025700198,合同会社ゲナム,りんく,820-0303,,福岡県嘉麻市中益３０２－１,,0948-52-3443,0948-52-3444,2021/9/1
4021000213,株式会社アクシュ,グループホーム　オハナ１号館,814-0022,,福岡県福岡市早良区原１丁目26-４,,092-407-8550,092-407-8550,2021/8/1
4021000221,株式会社シロケン,グループホームだんらん,814-0033,,福岡県福岡市早良区有田１丁目23-15,,092-834-3177,092-834-3125,2021/8/1
4021600079,株式会社　カグラ,KARUGAMO　１,816-0802,,福岡県春日市春日原北町五丁目42-2　コーポ春日原101 201 203 205,,092-928-2235,092-555-5222,2021/8/1
4022700498,株式会社ＭＹスタイル,和み,830-0022,,福岡県久留米市城南町８－２４　ステーションビル２　２０６号,,0942-65-7209,0942-65-7209,2021/8/1
4022700506,社会福祉法人　善正会,あっとホームきたの,830-1122,,福岡県久留米市北野町今山４５８番地２,,0942-23-1030,0942-78-6190,2021/8/1
4027800194,株式会社オヒアの木,グループホーム　オヒアの木,803-0022,,福岡県北九州市小倉北区弁天町３番３号　アビタシオン清水７０１号室,,080-5602-1858,,2021/8/1
4021700069,株式会社Ｈ＆Ｈ,愛信望二日市,818-0056,,福岡県筑紫野市二日市北４丁目２７番１２号パルル緑台第２,,090-6679-7662,092-408-7584,2021/7/1
4021700077,株式会社ケアネクスト,グループホームやよい,818-0057,,福岡県筑紫野市二日市南３丁目５番１０号　エステート天拝Ⅱ,,092-555-7765,,2021/7/1
4022600136,社会福祉法人陽だまりの風福祉会,にじ,838-0111,,福岡県小郡市吹上１０５８－１６,,0942-48-1740,0942-48-1741,2021/7/1
4020100204,株式会社ten,グループホームtenⅡ,812-0044,,福岡県福岡市博多区千代4-20-27,,092-707-0399,092-401-2822,2021/7/1
4020800076,株式会社医療福祉ホールディングス,スターホームＲＯＰＰＯＮＭＡＴＳＵ,810-0044,,福岡県福岡市中央区六本松４-３-11,,092-686-8466,092-686-8761,2021/6/1
4021000205,株式会社コレクティブ,共同生活支援住宅　十和　本館,811-1122,,福岡県福岡市早良区早良6丁目2-12,,092-407-2068,092-407-2067,2021/6/1
4021200326,株式会社らいふ・る,魂ホーム桧原,811-1355,,福岡県福岡市南区桧原4-4-13,,092-566-0688,092-566-0688,2021/6/1
4021200334,株式会社ライジングコーポレーション,野風,815-0033,,福岡県福岡市南区大橋４-18-９,,092-753-9404,092-753-9405,2021/6/1
4022400065,合同会社Ｍ＆Ｍソーシャルサービス,グループホーム　ティエラ,838-0068,,福岡県朝倉市甘木１９１９－１カーサ恵比須１０３,,080-7373-3003,,2021/6/1
4022700480,株式会社　医療福祉ホールディングス,スターハウスKURUME,839-0861,,福岡県久留米市合川町１１４－１２　ヴィラ２１０　２０６号,,0942-41-8113,0942-41-8114,2021/6/1
4020200434,株式会社　千楽,グループホームとんぼ,813-0002,,福岡県福岡市東区下原4丁目7-40-107,,070-3899-4811,,2021/5/1
4020200442,有限会社　ニチドウ建設,おひさま下原,813-0002,,福岡県福岡市東区下原4丁目8-24,,050-5375-1923,,2021/5/1
4020600153,合同会社ＢＢＫプロパティマネジメント,ミライホーム宗像,811-4156,,福岡県宗像市自由ケ丘南１丁目５－１３,,0940-35-5980,0940-35-5980,2021/5/1
4020900132,株式会社あいほーむ,あいほーむふくおか,814-0141,,福岡県福岡市城南区西片江2丁目6-10,,092-707-4175,092-707-4176,2021/5/1
4021000197,社会福祉法人　福岡障害者支援センター,グループホームなごみ,811-1103,,福岡県福岡市早良区四箇4丁目10-7,,092-707-5223,092-707-6122,2021/5/1
4020200418,株式会社ＴＣＳinternational,ヨツバメイツ福岡東,813-0012,,福岡県福岡市東区香椎駅東3丁目25-20,,011-598-9570,011-598-9574,2021/4/1
4020200426,有限会社ニチドウ建設,おひさま,813-0001,,福岡県福岡市東区唐原2丁目13-10,,050-5375-1923,,2021/4/1
4020900124,株式会社ＴＣＳinternational,ヨツバメイツ福岡城南,814-0113,,福岡県福岡市城南区田島1丁目12-1,,011-598-9570,011-598-9574,2021/4/1
4021200318,株式会社イクスクルー,イクスライヴズ,815-0037,,福岡県福岡市南区玉川町15-6,,092-741-5115,092-741-5116,2021/4/1
4022400057,社会福祉法人こがね福祉会,グループホームすまいる,838-0039,,福岡県朝倉市桑原５２７－１,,0946-28-8722,0946-28-8733,2021/4/1
4022700472,ＮＰＯ法人ネオサポート,アイラ西牟田,830-0111,,福岡県久留米市三潴町西牟田4498-4,,0942-65-5434,0942-65-5436,2021/4/1
4025300247,医療法人　恵和会,障がい者グループホーム　さくらの杜,822-1318,,福岡県田川郡糸田町原1897,,0947-23-0630,0947-23-0631,2021/4/1
4020500155,株式会社真和,グループホーム　しんわ,811-3225,,福岡県福津市東福間２丁目１６－４,,090-2173-4005,,2021/3/1
4021000189,株式会社レグザーク,らぽーるいろは,811-1102,,福岡県福岡市早良区東入部1-20-16,,092-985-0689,,2021/3/1
4023400023,一般社団法人サポートピア城島,あじさい,830-0415,,福岡県三潴郡大木町絵下古賀１９７－６,,0944-33-2088,0944-33-2088,2021/3/1
4025400203,ＮＰＯ法人筑紫,グループホームちくし,822-0002,,福岡県直方市頓野３０９０番地,,0949-58-9160,0949-24-5653,2021/3/1
4026700155,一般社団法人Ｑ－ＡＣＴ,ＡＣＴホームやはた,807-0866,,福岡県北九州市八幡西区日吉台二丁目7番6号シャトレ新高Ⅰ１０６,,093-482-7514,093-482-7518,2021/3/1
4027800178,特定非営利活動法人未来図,みづき,803-0862,,福岡県北九州市小倉北区今町一丁目１番２３－１号,,093-555-3438,093-776-7358,2021/3/1
4020100196,アースウェル株式会社,マイホーム暖家,812-0894,,福岡県福岡市博多区諸岡３丁目29-4,,092-555-3315,092-555-3312,2021/3/1
4021200300,株式会社　アイケア,アイケア南区1,811-1343,,福岡県福岡市南区和田1丁目489番地6,,092-408-3140,092-408-3141,2021/2/1
4022700464,株式会社IPPO,ルーツ田主丸,839-1216,,福岡県久留米市田主丸町中尾８７３－９,,0943-72-0130,093-72-0130,2021/2/1
4025300239,社会福祉法人　見真会,グループホームそわか,822-1211,,福岡県田川郡福智町伊方４０３０番地１,,0947-47-3333,0947-47-3334,2021/2/1
4026100091,株式会社ＰＳＴＣ,わおんグループホーム水巻町えぶり,807-0031,,福岡県遠賀郡水巻町杁1丁目1－3,,093-287-5278,093-287-5278,2021/2/1
4027800160,合同会社旭日商事,グループホームあさひ,802-0026,,福岡県北九州市小倉北区大畠二丁目４番３５号,,093-982-0101,093-982-0101,2021/2/1
4022100210,合同会社明和会,らてぃす,834-1213,,福岡県八女市黒木町本分１２１０－５,,0943-24-9018,0943-24-9066,2021/1/1
4020100188,株式会社医療福祉ホールディングス,スターホームSUMIYOSHI,812-0018,,福岡県福岡市博多区住吉2-12-13-205,,092-686-8466,092-686-8761,2021/1/1
4020400265,社会福祉法人 正樹福祉会,ふらっ・と久山,811-2501,,福岡県糟屋郡久山町久原２１３９－７,,092-976-3100,,2020/12/1
4022100194,クォリティオブライフ・コークリエーション株式会社,グループホームserenity,834-0031,,福岡県八女市本町１－３－４,,050-8880-9411,050-3488-6268,2020/12/1
4022400040,有限会社アソカ,グループホームほのか,838-0031,,福岡県朝倉市屋永２３１５－１,,0946-21-2333,0946-22-8114,2020/12/1
4027800152,株式会社Ｋｉｎｇ,蓮華,803-0863,,福岡県北九州市小倉北区南丘一丁目１５番２５－１０１号,,093-953-7203,093-953-7204,2020/12/1
4020400257,ふわわ株式会社,バオバブ邸,811-0102,,福岡県糟屋郡新宮町立花口２２９２－４８,,092-692-1742,092-692-1741,2020/11/1
4022700456,社会福祉法人　荒木福祉会,ルルド,830-1103,,福岡県久留米市北野町金島字白高田2261番地,,0942-44-6770,0942-44-6770,2020/11/1
4023300041,エフコープ生活協同組合,りーふ・あっぷる,839-1401,,福岡県うきは市浮羽町朝田２２３－１１,,0943-74-3050,0943-74-3051,2020/11/1
4027700279,Ｂｅｓｐｏｋｅ　Ｌｉｆｅ　株式会社,かーむ,800-0242,,福岡県北九州市小倉南区津田三丁目８番１号,,093-967-1352,093-967-1064,2020/11/1
4020600146,特定非営利活動法人丘の上の街,レジデンス　丘の上の街,811-4147,,福岡県宗像市石丸1-5-1,,080-3991-7778,0940-51-3779,2020/10/1
4021000171,株式会社ten,グループホームten原,814-0022,,福岡県福岡市早良区原7-26-33,,092-516-4205,092-516-4205,2020/10/1
4021200292,株式会社３eee,障がい者グループホーム つくしの丘,815-0036,,福岡県福岡市南区筑紫丘2-22-7-101,,092-551-5850,092-551-5852,2020/10/1
4020100170,株式会社昴,グループホーム　昴,812-0874,,福岡県福岡市博多区光丘町3-5-20-101,,092-584-3457,092-593-1666,2020/10/1
4020100162,株式会社ドリームＫ,グループホーム　ドリームハウス１号館,812-0894,,福岡県福岡市博多区諸岡3-29-8　2階,,092-600-0103,092-600-0247,2020/10/1
4020200384,有限会社西海,グループホームさいかい和白,811-0202,,福岡県福岡市東区和白1-14-59,,092-518-5887,092-515-4844,2020/9/1
4020200392,株式会社Re`sela Lig,Re`sela Holmes East,813-0003,,福岡県福岡市東区香住ケ丘2-48-5,,092-410-8067,092-410-8846,2020/9/1
4020200400,株式会社希樹屋,果樹の家/東第２,813-0002,,福岡県福岡市東区下原2-1-32,,092-719-0800,092-719-0800,2020/9/1
4022500112,株式会社リボン,グループホームリボン,831-0035,,福岡県大川市津６０７－１０,,0944-85-1122,0944-85-1122,2020/9/1
4026200024,株式会社コローレ,ポルト,809-0036,,福岡県中間市長津2-11-13,,093-981-0457,093-981-0457,2020/9/1
4027700253,合同会社三愛,ファミ曽根,800-0227,,福岡県北九州市小倉南区津田新町四丁目7番5－503号,,093-383-0898,093-383-0886,2020/9/1
4027700261,ｒｅｃｏｖｅｒｙ２４株式会社,グループホーム千歳　下曽根,800-0217,,福岡県北九州市小倉南区下曽根二丁目１番５３ハイツタチバナ下曽根１０２号,,093-472-2588,093-472-2588,2020/9/1
4020800068,合同会社Winx2,Winx2,810-0073,,福岡県福岡市中央区舞鶴1-8-28-2F,,080-3467-0023,,2020/8/1
4021200284,合同会社ディアマインド,グループホーム月（あかり）,811-1343,,福岡県福岡市南区和田1-12-17,,092-408-2084,092-408-2085,2020/8/1
4024300099,株式会社　WhomLab,アンジュースマイル,832-0806,,福岡県柳川市三橋町柳河３９５番１号レオパレスレミュール２番館,,0944-86-6600,0944-86-6601,2020/8/1
4025300221,合同会社マルシン,グループホーム　ほのか,822-1102,,福岡県田川郡福智町上野３８５７番地,,090-3798-0981,0947-49-8180,2020/8/1
4025500309,社会福祉法人嘉穂福祉会,さんあいホーム　飯塚,820-0051,,福岡県飯塚市庄司１４２－３,,0948-28-6788,0948-83-8208,2020/8/1
4020100154,特定非営利活動法人九州ＤＡＲＣ,美野島ハウス,812-0017,,福岡県福岡市博多区美野島2-5-31,,092-471-5140,092-471-5140,2020/8/1
4020200376,株式会社セガン,グループホームげんき,811-0321,,福岡県福岡市東区西戸崎1-18-11,,090-7393-0139,092-603-2765,2020/7/1
4021500055,有限会社クリスタル島津,グループホーム和音,816-0953,,福岡県大野城市旭ケ丘２－１４－１８,,092-596-1811,092-596-1811,2020/7/1
4022100186,株式会社さんふらわあ,ブルーローズ,834-0016,,福岡県八女市豊福９１９－１,,0943-24-0600,0943-24-0606,2020/7/1
4025200074,社会福祉法人嘉穂の里,社会福祉法人　嘉穂の里　Hilltop　Garden雅,820-0607,,福岡県嘉穂郡桂川町大字土師１１０３－２９,,0948-20-9001,0948-20-9010,2020/7/1
4025400195,有限会社王子苑,地球家,822-0002,,福岡県直方市頓野１５４９－２オアシス宮ノ前４０３号,,0949-28-7707,0949-28-7707,2020/7/1
4020200368,一般社団法人楓福祉会,グループホームすいせん東,813-0003,,福岡県福岡市東区香住ケ丘4-40-36,,080-8585-8892,092-692-5155,2020/6/1
4021200276,株式会社インセンス,ドマーニ福岡,815-0071,,福岡県福岡市南区平和2-23-5,,092-521-9988,092-521-9988,2020/6/1
4021400124,一般社団法人えのき舎,グループホームえのき　花水木,818-0103,,福岡県太宰府市朱雀３丁目１０番３８号,,092-925-1166,092-925-1166,2020/6/1
4025600174,社会福祉法人清和会,グループホーム　アベリア,822-1318,,福岡県田川郡糸田町3565-5　セジュール三和　102号室,,0947-26-1733,0947-62-3374,2020/6/1
4027700238,合同会社ｅ－ライフ,健心館,800-0256,,福岡県北九州市小倉南区湯川新町四丁目２３番３８号,,093-923-1180,093-923-1180,2020/6/1
4020100147,合同会社クボックス,もちづき堂,812-0017,,福岡県福岡市博多区美野島1-24-18,,092-688-6061,092-515-3422,2020/6/1
4021200250,社会福祉法人福岡ひかり福祉会,グループホームかしはら,811-1353,,福岡県福岡市南区柏原六丁目29番４号,,092-565-3998,092-565-3998,2020/5/1
4021200268,合同会社Tabby,障がい者グループホームタビーの家,815-0071,,福岡県福岡市南区平和2-9-12,,092-406-4995,092-406-4996,2020/5/1
4021600053,株式会社　庄島,グループホーム星月,816-0831,,福岡県春日市大谷8-17,,092-982-3111,092-984-6111,2020/5/1
4021700051,株式会社アゼスコミュニケーションズ,アゼスホーム,818-0061,,福岡県筑紫野市紫６－７－１０－バイオレットハイツA棟２０１,,092-710-1098,092-710-1099,2020/5/1
4022700431,NPO法人　かけはし,グループホーム　かけはし,830-0102,,福岡県久留米市三潴町田川55番地8,,0944-88-8210,0944-88-8211,2020/5/1
4022700449,NPO法人つながろう・アースフレンズ,めぞん・ピーターパン,839-0841,,福岡県久留米市御井旗崎１丁目９番地７レジデンス亜依　御井籏崎２０３号,,080-3272-7695,0942-30-1860,2020/5/1
4025500291,株式会社マシュマロの樹,グループホームワンライフ小正,820-0089,,福岡県飯塚市小正９０３－１３２,,0948-52-3860,0948-21-7588,2020/5/1
4027700246,株式会社ＦＵＫＵＳＨＩＮ,グループホーム千歳,802-0804,,福岡県北九州市小倉南区下城野三丁目４番１６号,,093-383-0134,093-383-0134,2020/5/1
4020200343,株式会社ユニコン・ブリリアント,グループホーム花かご,813-0003,,福岡県福岡市東区香住ケ丘6-10-36,,092-692-8181,092-692-8131,2020/4/1
4020200350,株式会社心乃夾人,百詠可の森,811-0322,,福岡県福岡市東区大岳2-13-1,,092-692-7632,092-692-7633,2020/4/1
4022100178,社会福祉法人ハイジ福祉会,ぐるーぷほーむハイジ壱番館,834-0012,,福岡県八女市山内４５５－１,,0943-23-1747,0943-23-1977,2020/4/1
4022400032,社会福祉法人朝倉市福祉会,アットホーム清流学園,838-0062,,福岡県朝倉市堤３８２,,0946-21-1124,0946-21-1124,2020/4/1
4022700415,株式会社アゼスコミュニケーションズ,アゼスケアサポート,839-0852,,福岡県久留米市高良内町361-1　グリーンパーク徳間A棟102,,0942-65-7243,0942-65-7244,2020/4/1
4022700423,社会福祉法人　三町福祉会,あさがおセカンド,830-0213,,福岡県久留米市城島町江上26-3,,0942-62-2801,,2020/4/1
4024400196,一般社団法人ワーキングサポートフェリス,グループホームフェリス黄金,836-0872,,福岡県大牟田市黄金町２丁目２３０－１,,0944-32-9111,0944-32-9067,2020/4/1
4024400204,株式会社希春,自立支援ホームＷＡＯ,837-0922,,福岡県大牟田市大字今山２２５２－２,,0944-54-0170,0944-53-2133,2020/4/1
4025200066,社会福祉法人ひなの家,障害福祉サービス事業所ホームファイトⅡ,820-0607,,福岡県嘉穂郡桂川町土師３２６７番地１,,0948-65-5085,0948-65-5087,2020/4/1
4026600041,合同会社緑風会,グループホームあらて,805-0001,,福岡県北九州市八幡東区荒手一丁目１番３１号,,093-776-7453,093-776-7453,2020/4/1
4020000057,株式会社MOCHIMOTSU,生活リハビリ型障がい者シェアハウス,819-1121,,福岡県糸島市荻浦四丁目10番19号,,092-332-0970,092-332-0977,2020/4/1
4027600081,合同会社やすらぎ,やすらぎホーム,800-0116,,福岡県北九州市門司区恒見町６番５号,,093-777-8759,093-777-8759,2020/3/1
4021200243,株式会社ふぁみふる,魂ホーム大橋,815-0034,,福岡県福岡市南区南大橋２丁目17番６号,,092-555-3738,092-555-3738,2020/2/1
4022700407,株式会社グッドフェローズリンク,グッドフェローズ,830-0063,,福岡県久留米市荒木町荒木1313-93,,0942-45-3655,0942-70-4155,2020/2/1
4026100083,社会福祉法人まつかぜ会,指定日中サービス支援型共同生活援助事業所　まつかぜ苑,807-0131,,福岡県遠賀郡芦屋町緑ケ丘３番８号,,093-221-4200,093-221-4201,2020/2/1
4022600128,株式会社サキヤ,アンソレイユ,838-0106,,福岡県小郡市三沢2955-1,,0942-23-0588,0942-23-0587,2020/1/1
4024300081,株式会社ＭＬＳ,グループホームかがやき柳川,832-0826,,福岡県柳川市三橋町高畑１７４番地１,,0944-85-0590,0944-85-0590,2020/1/1
4020900116,株式会社NiCO,花木凛　梅林,814-0144,,福岡県福岡市城南区梅林1-5-21,,092-260-5499,092-519-9890,2019/12/1
4021100203,アールジージー株式会社,グループホーム　farm拾六町,819-0041,,福岡県福岡市西区拾六町4-39-9,,080-9053-3430,092-477-3886,2019/12/1
4020100139,スペースウェルネス福岡株式会社,ベルウッド麦野,812-0882,,福岡県福岡市博多区麦野2-10-8,,092-710-6776,092-710-6773,2019/12/1
4020200335,株式会社RECOVERY,アガペー,813-0011,,福岡県福岡市東区香椎1-11-1プレスト香椎参道102,,092-681-6684,092-681-6684,2019/11/1
4027700212,株式会社よろこび,ｍａｉ　長尾,803-0274,,福岡県北九州市小倉南区長尾六丁目１０番３０号,,093-383-9991,093-383-9953,2019/11/1
4020200327,住マイルグループ株式会社,住マイルグループ福岡東,811-0321,,福岡県福岡市東区西戸崎2-23-26,,092-600-4583,092-235-3905,2019/10/1
4020900090,株式会社コムユナイテッド,グループホームHUG,814-0142,,福岡県福岡市城南区片江4-13-2,,092-707-6934,092-707-6935,2019/10/1
4020900108,株式会社プラスワン,ウェルネスアシスト神松寺,814-0121,,福岡県福岡市城南区神松寺3-3-11,,092-292-3258,092-292-3410,2019/10/1
4021000155,株式会社希樹屋,果樹の家／早良,814-0022,,福岡県福岡市早良区原2-4-11,,092-836-9400,092-836-9400,2019/10/1
4021100195,株式会社SMILE PRESENTS,SMAPRE WINGS,819-0043,,福岡県福岡市西区野方5-64-5,,092-791-3067,,2019/10/1
4021600046,株式会社　ｲﾝﾗｯｸ,共同生活援助　good mood,816-0873,,福岡県春日市日の出町3-2-1-6-809,,092-518-7052,092-707-9082,2019/10/1
4022300166,合同会社明和会,すてら,833-0054,,福岡県筑後市蔵数５１８番地５,,0943-24-9018,0943-24-9066,2019/10/1
4025500283,一般社団法人よいこ,グループホームよいこ,820-1111,,福岡県飯塚市勢田２４１０－７,,0948-82-1489,0948-82-1489,2019/10/1
4025700180,一般社団法人　輝祥福祉会,グループホーム　きしょう,820-0202,,福岡県嘉麻市山野１３５－１５３,,0948-42-5252,0948-42-5252,2019/10/1
4026400046,社会福祉法人北九州障害者福祉事業協会,グループホームとりはた,804-0075,,福岡県北九州市戸畑区北鳥旗町２番２２号,,093-871-0841,093-871-0852,2019/10/1
4020200319,株式会社インプルーブ,光,813-0012,,福岡県福岡市東区香椎駅東3-5-26-101,,092-928-5113,092-202-0385,2019/9/1
4021100187,合同会社リリーフ,リリーフ姪浜事業所,819-0022,,福岡県福岡市西区福重5-1-13,,092-407-9902,092-407-9902,2019/9/1
4025100050,株式会社ケンコー薬品,グループホームさち,807-1303,,福岡県鞍手郡鞍手町木月１６０６―１０,,0949-42-3088,0949-42-3088,2019/9/1
4025600166,特定非営利活動法人　ライフアシスト,しろがね,826-0044,,福岡県田川市位登２００番地２,,0947-50-8335,0947-56-8336,2019/9/1
4027800145,株式会社ＭＩＲＡＩ,ミライホーム北九州,802-0083,,福岡県北九州市小倉北区江南町３番１－９０２号,,093-482-1928,093-482-1930,2019/9/1
4020200301,株式会社ＷＯＲＬＤ　ＣＯＮＴＥＮＴＭＥＮＴ,わおんグループホーム福岡,813-0043,,福岡県福岡市東区名島4-36-19,,0120-90-5219,092-510-0335,2019/8/1
4020900082,社会福祉法人　福岡ひかり福祉会,ひかりグループホーム,814-0112,,福岡県福岡市城南区友丘1-7-46,,092-801-7676,092-836-7622,2019/8/1
4021200235,住マイルグループ株式会社,住マイルグループ福岡,811-1364,,福岡県福岡市南区中尾1-17-16,,092-600-4583,092-235-3905,2019/8/1
4026400038,ミタス株式会社,ミタスホーム,804-0061,,福岡県北九州市戸畑区中本町８番２０号,,093-884-0711,093-884-0712,2019/8/1
4020200293,株式会社希樹屋,果樹の家,813-0002,,福岡県福岡市東区下原4-13-18-101,,092-719-1058,092-719-1058,2019/7/1
4022700399,丸昭ハウジング株式会社,障害者グループホームわおん・福岡南（国分）,839-0863,,福岡県久留米市国分町1149-2,,090-4778-2745,092-287-4601,2019/7/1
4025300213,有限会社ヒューマンケア,グループホーム彩,822-1406,,福岡県田川郡香春町香春１３７９番地,,0947-85-8810,0947-85-8810,2019/7/1
4025400187,株式会社　勝栄,共同生活援助事業所　うえきの里,822-0031,,福岡県直方市植木３１７５番地１,,0949-23-3390,0949-23-3391,2019/7/1
4026600033,合同会社この花みのりの里,木花,805-0035,,福岡県北九州市八幡東区山路二丁目８番１５号,,093-654-3520,093-654-2612,2019/7/1
4027800129,特定非営利活動法人北九州ＤＡＲＣ,プレジャーハウス,802-0061,,福岡県北九州市小倉北区三郎丸一丁目９番２６号,,093-923-9240,093-923-9240,2019/7/1
4027800137,社会福祉法人共生の里,心の駅,803-0846,,福岡県北九州市小倉北区下到津二丁目７番１１－２０６号,,093-967-2111,093-967-2111,2019/7/1
4020800050,株式会社ハッピークルー,グループホーム　ハッピークルー,810-0034,,福岡県福岡市中央区笹丘1-15-18,,092-406-6635,092-406-6640,2019/6/1
4020900074,有限会社　西海,グループホームさいかい七隈,814-0133,,福岡県福岡市城南区七隈7-38-7,,092-516-4322,092-519-8704,2019/6/1
4020900066,株式会社ＮiＣＯ,花木凛　片江,814-0142,,福岡県福岡市城南区片江１丁目３０－１８,,092-260-5499,092-210-7310,2019/5/1
4021100179,社会福祉法人　飯盛会,ひかり,819-0038,,福岡県福岡市西区羽根戸594-1,,092-892-2331,092-892-2332,2019/5/1
4022700381,特定非営利活動法人　たけの子,グループホーム　ほのか,839-0851,,福岡県久留米市御井町1753-3,,0942-27-6730,0942-27-6730,2019/5/1
4025400179,社会福祉法人緑樹会,グループホームセジュールⅡ,822-0032,,福岡県直方市下新入６４９番地１,,0949-22-6777,0949-22-6777,2019/5/1
4022300158,社会福祉法人筑後わかたけ福祉会,大空,833-0007,,福岡県筑後市大字鶴田４７２番地,,0942-52-0747,0942-52-0748,2019/4/1
4022500104,社会福祉法人大川市福祉会,木の香ほーむ　陽の木,831-0008,,福岡県大川市大字鐘ケ江６５７番地２,,0944-88-8852,0944-88-9166,2019/4/1
4024400188,一般社団法人リード,ライフサポート　リード,837-0904,,福岡県大牟田市大字吉野１６７６番地４,,0944-31-5022,0944-31-5023,2019/4/1
4025500275,社会福祉法人　天満会,グループホームあさひの里,820-0077,,福岡県飯塚市椋本４５７番地２,,0948-52-6820,0948-52-6830,2019/4/1
4025600158,社会福祉法人夏吉睦福祉会,グループホームフォレスト,825-0004,,福岡県田川市夏吉４２０３番地２,,0947-23-2328,0947-23-2682,2019/4/1
4025700172,株式会社月虹,嘉麻燦燦,820-0506,,福岡県嘉麻市平山３２２番地１,,0948-43-8805,0948-43-8816,2019/4/1
4027500158,株式会社一木,ケアホーム叶芽,824-0036,,福岡県行橋市南泉１－２１－１１,,0930-25-7354,0930-28-9966,2019/4/1
4027600065,社会福祉法人北九州市手をつなぐ育成会,グループホーム支援センター門司,801-0854,,福岡県北九州市門司区旧門司一丁目１１番６号,,093-342-8725,093-342-8726,2019/4/1
4027600073,一般社団法人社会福祉支援協会,ＢｅＳｅｃｏｎｄ,801-0831,,福岡県北九州市門司区丸山二丁目８番６号リュエル丸山１０１号,,093-342-7640,093-342-7643,2019/4/1
4025300205,社会福祉法人若草会,グループホームわかくさ,822-1202,,福岡県田川郡福智町神崎１９１０番地１,,0947-22-2877,0947-22-2888,2019/3/1
4022300141,社会福祉法人筑陽会,グループホーム　アメジスト,833-0053,,福岡県筑後市大字西牟田６３８３－１４,,0942-53-6330,,2019/2/1
4021100161,一般社団法人　あしたみらい,すまいるハウス,819-0373,,福岡県福岡市西区周船寺3-15-32,,092-894-3500,092-894-3505,2019/1/1
4022600110,医療法人寿栄会,共同生活援助　グループホームあおぞら,838-0106,,福岡県小郡市三沢５２８－１,,0942-73-0123,0942-73-0123,2019/1/1
4026700148,たんぽぽ企画合同会社,わたぼうしホーム,807-0805,,福岡県北九州市八幡西区光貞台一丁目６番２１号,,093-693-6150,093-693-6155,2019/1/1
4025500267,医療法人社団　豊永会,グループホームレイクサイド,820-0013,,福岡県飯塚市上三緒１－７２－６０２,,0948-43-8061,0948-43-8062,2018/12/1
4027700204,株式会社シリウス,グループホーム　あいびー,802-0832,,福岡県北九州市小倉南区下石田一丁目３番２３号,,093-383-9319,093-383-9319,2018/12/1
4020100121,株式会社K.K,シエテ木の実,812-0037,,福岡県福岡市博多区御供所町13-12,,080-4288-4600,,2018/12/1
4020200277,株式会社　青空,グループホーム　下原,813-0002,,福岡県福岡市東区下原2-21-8,,080-3398-6235,092-682-1359,2018/11/1
4021400116,一般社団法人えのき舎,グループホームえのき コスモス,818-0103,,福岡県太宰府市朱雀４－１７－１０－１０１,,092-925-3467,092-925-3467,2018/11/1
4022500096,株式会社ＭＬＳ,グループホーム　かがやき,831-0005,,福岡県大川市大字向島１４０９番地３　レジデンス中央　２０１号,,0944-88-8456,0944-88-8456,2018/11/1
4022700357,一般社団法人　Q-ACT,ACTホームせのした,830-0025,,福岡県久留米市瀬下町１８１－１ﾛｯｸﾌｨﾙ瀬下310、311、312、317、318,,070-5469-3991,092-980-2165,2018/11/1
4022700365,学校法人久留米ゼミナール,アヤメの家・国分,839-0863,,福岡県久留米市国分町403-3,,0942-22-2018,0942-22-2018,2018/11/1
4022700373,社会福祉法人　北野同朋会,寺子屋ホーム,830-1122,,福岡県久留米市北野町今山３７０－３,,0942-23-4085,0942-23-4086,2018/11/1
4025700164,株式会社ＴＡＮＡＫＡ,共同生活援助　あるく,820-0207,,福岡県嘉麻市口春７３５－３,,0948-43-8162,0948-43-8163,2018/11/1
4027200049,特定非営利活動法人もあ・かけはし,グループホームＢ－ＲｏｏＫ（弐番館）,871-0834,,福岡県築上郡吉富町大字土屋１４９－８,,0979-53-9395,0979-53-9577,2018/11/1
4027800111,特定非営利活動法人抱樸,グループホーム　ほうぼく,802-0064,,福岡県北九州市小倉北区片野四丁目１５番１３号　ロイヤルプラザ１０１号,,093-923-0845,093-923-0845,2018/11/1
4022700340,株式会社グッドライフホーム,ソレイユ,839-0851,,福岡県久留米市御井町1804番地2,,0942-25-8424,0942-25-8424,2018/10/1
4027700196,社会福祉法人天満会,グループホーム　かえるの宿,802-0823,,福岡県北九州市小倉南区舞ケ丘二丁目１番４３号,,093-963-0202,093-963-2340,2018/10/1
4020200269,社会福祉法人多々良福祉会,グループホーム　たいようの丘,813-0024,,福岡県福岡市東区名子1-16-15,,092-691-6777,092-691-6774,2018/8/1
4020400232,社会福祉法人 福岡慈愛会,さんすまいる新宮,811-0117,,福岡県糟屋郡新宮町上府字牟田１１０７－１,,092-692-2733,092-692-2736,2018/8/1
4021000148,株式会社アステップ,みらいふ,814-0172,,福岡県福岡市早良区梅林７丁目22-17,,092-865-6568,092-865-6568,2018/8/1
4021400108,一般社団法人えのき舎,グループホームえのき　さくら館・なずな館,818-0103,,福岡県太宰府市朱雀３丁目３番５号,,092-925-3467,092-925-3467,2018/8/1
4025100043,株式会社新魁,ゆめあ,820-1103,,福岡県鞍手郡小竹町大字勝野字塩頭４２０４－１７７,,09496-2-5858,09496-2-5858,2018/8/1
4025500259,社会福祉法人佐与まごころ会,グループホーム　キラレ,820-0111,,福岡県飯塚市有安字キラレ８６０番１,,0948-52-6325,0948-52-6327,2018/8/1
4026600025,合同会社ウェルハートプラスワン,こだまのいえ　日の出,805-0004,,福岡県北九州市八幡東区日の出一丁目１２番２５号,,093-980-2967,093-980-2967,2018/8/1
4021500048,社会福祉法人　仁風会,ベルフラワー,816-0901,,福岡県大野城市乙金東２丁目１７番１０号,,092-504-8140,092-503-2766,2018/7/1
4022700332,ＮＰＯ法人つながろう・アースフレンズ,めぞん・ティンカーベル,830-0039,,福岡県久留米市花畑２丁目１１－２　１１－３,,0942-30-1860,0942-30-1860,2018/7/1
4025500242,株式会社　FORWARD,共同生活スクラムハーフ,820-0021,,福岡県飯塚市潤野９３３－２７５　Ａ１０２,,0948-21-4355,0948-26-7181,2018/7/1
4020200251,株式会社アセットマネジメント,グループホーム　さくらガーデン,813-0001,,福岡県福岡市東区唐原5-8-34-101,,092-719-0633,092-719-0636,2018/6/1
4021400090,株式会社まつしん,グループホームあいしん,818-0118,,福岡県太宰府市石坂１－４－２６　コーポＫ,,092-517-4262,092-919-5530,2018/6/1
4025300197,社会福祉法人清流の里福祉会,グループホーム　ゆーとぴあ,824-0432,,福岡県田川郡赤村内田３４６番地５,,0947-62-2074,0947-62-2274,2018/6/1
4020000040,株式会社　レグザーク,らぽーる糸島,819-1119,,福岡県糸島市前原東1-6-37,,092-332-2234,092-332-2234,2018/6/1
4022700324,有限会社　Taka.Co,れもんの木,839-0823,,福岡県久留米市善導寺町与田283番地6,,0942-39-1616,0942-38-2100,2018/5/1
4020100113,一般社団法人ノーマライゼーション,グループホーム　カラフル,812-0893,,福岡県福岡市博多区那珂4-25-1　那珂南住宅１棟104号、109号,,092-633-2840,092-982-1341,2018/5/1
4021100153,社会福祉法人　いきいき福祉会,なないろ,819-0006,,福岡県福岡市西区姪浜駅南４丁目16-21,,092-834-6411,092-883-0002,2018/4/1
4021200201,株式会社エイド,エイドｹｱホーム,811-1321,,福岡県福岡市南区柳瀬2-11-5,,092-409-6161,092-409-6262,2018/4/1
4022100160,社会福祉法人上横山福祉会,第１０ほうれん荘,834-0001,,福岡県八女市宅間田２０１番地３－２,,0943-30-3001,0943-30-3003,2018/4/1
4022700308,NPO法人はーとへるぷ,はーと・けあほーむ久留米Ⅱ,830-0035,,福岡県久留米市東和町2-3　ルメゾンロワール久留米Ⅱ103号室,,0942-30-1910,0944-88-9685,2018/4/1
4022700316,NPO法人はーとへるぷ,はーと・けあほーむ久留米Ⅰ,830-0017,,福岡県久留米市日吉町19-18　ﾛﾏﾈｽｸ通町第2　603号,,0942-30-1910,0944-88-9685,2018/4/1
4027700188,リヤン・コンパニー株式会社,共同生活援助　こなつ,800-0257,,福岡県北九州市小倉南区湯川三丁目６番１５号,,093-967-3292,093-967-3293,2018/4/1
4021200193,株式会社イクスクルー,イクスラウンジ,815-0063,,福岡県福岡市南区柳河内2-1-15,,092-741-5115,092-741-5116,2018/3/1
4021400082,合同会社アクラス,グループホームあとり,818-0133,,福岡県太宰府市坂本３－２３－２１　国分ハイツB棟,,080-8389-4463,092-586-5202,2018/3/1
4025400161,株式会社悠友,悠友ホーム,822-0003,,福岡県直方市大字上頓野４９７９番地,,0949-28-8611,,2018/3/1
4022100152,社会福祉法人上横山福祉会,花桃,834-0025,,福岡県八女市祈祷院３９０番地　１号,,0943-30-3001,0943-30-3003,2018/1/1
4027500141,ナサフ株式会社,ＮＥＸＴグッドライフ,824-0068,,福岡県行橋市大字延永７８－１,,0930-26-0251,0930-23-2181,2018/1/1
4021200185,有限会社西海,グループホームさいかい長丘,815-0075,,福岡県福岡市南区長丘４-３-31,,092-210-6450,,2017/12/1
4021500030,株式会社　Ｖohl,ライトハウス,816-0941,,福岡県大野城市東大利３－１４－２５,,092-558-5375,092-0558-5381,2017/12/1
4022100145,社会福祉法人上横山福祉会,第８ほうれん荘,834-0006,,福岡県八女市吉田１５４２番地１０　２０４号,,0943-30-3001,0943-30-3003,2017/12/1
4022500088,特定非営利活動法人楠の木会,楠の木ホーム　大川,831-0005,,福岡県大川市大字向島１１２６番地,,0944-86-4121,0944-86-4121,2017/12/1
4022700282,株式会社　アイアンドアイ,flat.,830-0017,,福岡県久留米市日吉町11番地9　ヴェルデ360　202号室,,0942-65-4526,0942-65-4586,2017/12/1
4022700290,合同会社　ライフサポート桜並木,フェリオ津福,830-0047,,福岡県久留米市津福本町952-2,,0942-80-5645,0942-80-5645,2017/12/1
4025500234,特定非営利活動法人人間賛歌,共同住宅健会,820-0066,,福岡県飯塚市幸袋781-64,,0948-20-9019,0948-65-3648,2017/12/1
4026100075,コージーホーム合同会社,コージーホーム,807-0024,,福岡県遠賀郡水巻町高尾１０－６,,080-9140-7223,,2017/12/1
4027700170,株式会社じりつ,じりつホーム,802-0804,,福岡県北九州市小倉南区下城野三丁目２番５号,,093-931-1710,093-931-1710,2017/12/1
4020600120,一般社団法人仲間たち,藤の木,811-4145,,福岡県宗像市陵厳寺４－９－１８,,0940-32-7839,0940-51-7200,2017/11/1
4020900058,一般社団法人虹,グループホーム虹,814-0153,,福岡県福岡市城南区樋井川2-25-27サンシティ樋井川,,092-707-7057,092-707-7057,2017/11/1
4021200177,株式会社クリザス,洋々荘アパート,815-0035,,福岡県福岡市南区向野1-5-25,,080-2799-0082,,2017/11/1
4024400170,社会福祉法人キリスト者奉仕会,つくしんぼ草木,837-0917,,福岡県大牟田市大字草木４７１－２０,,0944-51-8781,0944-51-8776,2017/11/1
4020100105,一般社団法人リコ・マール,ネト・マール,812-0894,,福岡県福岡市博多区諸岡1-10-6富士ビルⅡ502号,,092-572-8023,092-572-8023,2017/11/1
4020500148,社会福祉法人玄洋会,共同生活住宅　安ら居,811-3522,,福岡県福津市奴山６０３番地,,0940-62-5056,0940-62-5057,2017/10/1
4027800103,医療法人清陵会,医療法人清陵会　グループホーム,803-0862,,福岡県北九州市小倉北区今町三丁目１５番１９－１号,,093-583-9555,093-583-9555,2017/9/1
4020800043,有限会社西海,グループホームさいかい笹丘,810-0034,,福岡県福岡市中央区笹丘１丁目35-9,,092-210-1761,092-210-1763,2017/8/1
4020200236,株式会社　まきもと,ひまわりらんど　和白センター,811-0202,,福岡県福岡市東区和白1-4-2,,092-608-1060,092-608-1060,2017/6/1
4022500070,ＩＳＳＡ株式会社,グループホーム　そのまま壱号館,831-0005,,福岡県大川市大字向島１５９８－１,,0944-85-8116,0944-85-9122,2017/5/1
4025600141,合名会社希望の芽,グループホーム　青い鳥,826-0032,,福岡県田川市平松町１４番３号,,0947-85-8794,0947-85-8796,2017/5/1
4021000122,社会福祉法人　福岡市手をつなぐ育成会,早良ひまわりハウス,811-1102,,福岡県福岡市早良区東入部1-9-1,,092-834-2005,092-834-2005,2017/4/1
4021100146,社会福祉法人　野の花学園,フラワー,819-0165,,福岡県福岡市西区今津5324-5,,092-806-9987,092-807-9988,2017/4/1
4022300133,特定非営利活動法人はねっこ福祉会,すみれ,833-0016,,福岡県筑後市大字常用８９０－１,,0942-27-7150,0942-27-7159,2017/4/1
4024500029,社会福祉法人くすの木会,くすの木ハイム,839-0221,,福岡県みやま市高田町下楠田２１５２番地３,,0944-22-2535,0944-64-8001,2017/4/1
4025300189,社会福祉法人すみれ育成会,すみれの杜,827-0002,,福岡県田川郡川崎町大字池尻字大谷1313番地43,,0947-45-5647,0947-45-5647,2017/4/1
4025700156,特定非営利活動法人キャンバス,グループホームいーぜる,820-0202,,福岡県嘉麻市山野７０２番地２,,0948-52-6440,0948-52-6480,2017/4/1
4024400162,社会福祉法人　キリスト者奉仕会,つくしんぼ末広,836-0874,,福岡県大牟田市末広町238,,0944-51-8750,0944-51-8749,2017/2/1
4025500226,社会福祉法人天満会,グループホーム第二あさひの里,820-0077,,福岡県飯塚市椋本４５７番地３,,0948-52-6820,0948-52-6830,2017/2/1
4025300171,株式会社ブリステージ,ふれあいの森,822-1212,,福岡県田川郡福智町弁城3719－3,,0947-22-6655,0947-22-6656,2017/1/1
4025400153,株式会社フィールド,グループホームホット,822-0005,,福岡県直方市永満寺2305-3,,0949-28-9090,0949-28-9090,2017/1/1
4025400146,株式会社エンワ,さんれんふ,822-0034,,福岡県直方市山部758番地68,,0949-36-3596,0949-36-3632,2016/11/1
4027500133,株式会社ぴゅあはぁーと,憩いの郷　行橋,824-0068,,福岡県行橋市延永２０８,,0930-55-2288,0930-55-2289,2016/10/1
4027800095,社会福祉法人小倉ろうあ福祉協会,グループホームけやき,802-0023,,福岡県北九州市小倉北区下富野五丁目１２番２２号,,093-967-0801,093-541-5477,2016/10/1
4025400138,社会福祉法人のぞみ福祉会,グループホームのぞみ,822-0005,,福岡県直方市大字永満寺字上ノ原２９７６番地,,0949-25-0528,0949-25-0529,2016/9/1
4025600125,医療法人社団敬信会,グループホーム　カトレア,826-0045,,福岡県田川市猪国２０１７－１,,0947-42-3971,0947-42-3971,2016/9/1
4027500125,有限会社山中総合設計研究所,グループホーム　榮荘ハウス,824-0002,,福岡県行橋市東大橋２－１９－２４,,0930-25-1072,0930-22-2853,2016/9/1
4027600057,社会福祉法人あすなろ学園,あいりす,800-0112,,福岡県北九州市門司区大字畑２０６３番地１,,093-481-0510,,2016/7/1
4023100037,社会福祉法人野の花学園,第六野の花学園,838-0816,,福岡県朝倉郡筑前町新町２１２,,0946-42-4131,0946-42-4132,2016/6/1
4020700060,社会福祉法人福岡コロニー,グループホームかづるⅡ,811-3104,,福岡県古賀市花鶴丘２－１　１３号棟６０１室・６０４号室,,092-963-2781,092-963-2787,2016/5/1
4022700266,一般社団法人ゼロ・ワン,ホープ０１,830-0052,,福岡県久留米市上津町字向野２５２３－１,,0942-22-0220,0942-51-8241,2016/5/1
4025400120,株式会社　コレクティブ,共同生活支援住宅　十和　参番館,822-0002,,福岡県直方市頓野3330-7,,0949-29-5533,0949-29-5534,2016/5/1
4026700130,社会福祉法人緑和会,グループホーム　みどりの風,806-0023,,福岡県北九州市八幡西区八千代町１３番１１号　八千代ビル１階・３階,,093-777-7461,093-644-7005,2016/5/1
4027700162,社会福祉法人周防学園,ラポール　くさみ,800-0232,,福岡県北九州市小倉南区朽網東三丁目１６番９号,,093-967-7418,093-967-7465,2016/5/1
4020000032,一般社団法人　クローバー,パレット,819-1129,,福岡県糸島市篠原西２丁目６－６,,092-338-8033,092-338-8033,2016/5/1
4020000024,一般社団法人　てとて,グループホームてとて,819-1112,,福岡県糸島市浦志1丁目8番8号　コーポ松田401号,,092-334-3061,092-334-3061,2016/5/1
4020400224,株式会社絆ホーム,グループホーム　ららの家,811-2125,,福岡県糟屋郡宇美町宇美東２－６－１０,,092-692-6787,092-692-6787,2016/4/1
4020600112,社会福祉法人　和奏会,宗像ホーム,811-4153,,福岡県宗像市吉留字惣原５１５－１,,0940-39-2010,0940-39-2012,2016/4/1
4020700052,株式会社にじの色,なないろホーム,811-3114,,福岡県古賀市舞の里２－１７－３,,092-692-7310,092-692-7214,2016/4/1
4021600038,社会福祉法人はるかぜ福祉会,ドリームひこうせん,816-0849,,福岡県春日市星見ヶ丘１丁目８番地,,092-595-3179,092-595-3174,2016/4/1
4025500200,一般社団法人C・ネット福岡,シェアハウス　喜富,820-0003,,福岡県飯塚市立岩１０８４－１　１０７,,0948-25-1149,0948-43-8587,2016/4/1
4025500218,医療法人社団豊永会,グループホーム群星,820-0014,,福岡県飯塚市鶴三緒１３９２－１,,0948-21-5656,0948-21-1616,2016/4/1
4025700149,社会福祉法人惠寿会,グループホーム　惠寿,821-0012,,福岡県嘉麻市上山田１０９４－９３,,0948-53-2882,0948-53-2882,2016/4/1
4027200031,合同会社ＩＰＳ,グループホームうぐいす,871-0923,,福岡県築上郡上毛町大字下唐原２０６０－１５,,0979-84-8088,0979-84-8089,2016/4/1
4027600040,社会福祉法人光の子会,ホームひかり,800-0001,,福岡県北九州市門司区風師四丁目１０番２７号,,093-322-5468,093-322-5469,2016/4/1
4022100137,社会福祉法人　上横山福祉会,第７ほうれん荘,834-0013,,福岡県八女市大籠字市ノ木２－１,,0943-30-3001,0943-30-3003,2016/3/1
4020700045,ｓ－ａｓｓｉｓｔ株式会社,メゾン・ド・コルザ,811-3307,,福岡県福津市渡字神田１４８０番地７,,0940-62-5131,0940-62-5132,2015/12/1
4020400216,株式会社ターニーケア,ターニーホーム,811-2131,,福岡県糟屋郡宇美町貴船１－１８－２７,,092-934-1900,092-934-1977,2015/9/1
4021200169,アーシル有限会社,憩いノ場　清水,815-0031,,福岡県福岡市南区清水二丁目3-14,,092-512-2616,092-512-2616,2015/9/1
4020200210,有限会社　西海,グループホームさいかい香椎,813-0002,,福岡県福岡市東区下原４丁目７－６６,,092-205-2500,092-205-2501,2015/8/1
4020400208,社会福祉法人バプテスト心身障害児（者）を守る会,重症者ホームひさやま,811-2501,,福岡県糟屋郡久山町久原２０３６－２,,092-976-6020,092-976-6021,2015/7/1
4024400154,社会福祉法人　キリスト者奉仕会,つくしんぼ浜田,836-0026,,福岡県大牟田市浜田町３－２　浜風コーポ１棟１０１号,,0944-51-8781,0944-51-8776,2015/7/1
4020200202,株式会社ＩＰＰＯ,ルーツ西戸崎,811-0321,,福岡県福岡市東区西戸崎一丁目１０－３６,,092-605-4101,092-605-4111,2015/6/1
4027500117,社会福祉法人松風会,グループホーム　なが居,824-0036,,福岡県行橋市南泉１－３１－１４,,0930-28-9990,,2015/6/1
4027600024,有限会社スマイル,グループホーム　四季の郷弐番館,800-0041,,福岡県北九州市門司区泉ケ丘５番３１号,,093-382-3020,093-382-3050,2015/6/1
4027700154,医療法人社団秀和会,グループホームどんぐり,800-0236,,福岡県北九州市小倉南区下貫四丁目１番２９号,,093-474-7300,093-474-7301,2015/6/1
4020400190,社会福祉法人柚の木福祉会,Ｃａｎｄｙ,811-2114,,福岡県糟屋郡須惠町上須惠９５３－２,,092-957-0015,092-957-0015,2015/4/1
4020600104,社会福祉法人起生会,玄海さつきの杜,811-3513,,福岡県宗像市上八１９８９－１,,0940-62-8288,0940-62-8289,2015/4/1
4021200151,社会福祉法人　共栄福祉会,たすき,815-0042,,福岡県福岡市南区若久１丁目２９－７,,092-551-4145,092-512-6361,2015/4/1
4022700258,社会福祉法人　三町福祉会,こすもす,830-0111,,福岡県久留米市三潴町西牟田６４５２－１８,,0942-65-2230,,2015/4/1
4026100067,社会福祉法人岡垣睦福祉会,おはな,811-4204,,福岡県遠賀郡岡垣町大字手野４００－１,,093-282-4858,093-282-4850,2015/4/1
4020400182,株式会社絆ホーム,グループホーム　らその家,811-2127,,福岡県糟屋郡宇美町障子岳６－２－１１,,092-410-1403,092-410-1403,2015/3/1
4020800035,社会福祉法人　福岡市社会福祉事業団,障がい者地域生活・行動支援センター　か～む,814-0155,,福岡県福岡市城南区東油山4-14-21,,092-834-2557,092-834-2558,2015/3/1
4022500062,特定非営利活動法人ひまわり,ひまわりの家,831-0005,,福岡県大川市大字向島１１３４番地１,,0944-87-2511,0944-88-9571,2015/3/1
4023200019,有限会社トコトコ,もちの樹,830-1226,,福岡県三井郡大刀洗町山隈２３－１,,0942-77-4871,0942-77-4831,2015/3/1
4025600117,社会福祉法人東田川福祉会,ほんわか荘,825-0004,,福岡県田川市夏吉１９４－３７９,,0947-45-1068,0947-45-1068,2015/2/1
4020100097,特定非営利活動法人ジャパンマック,ロイスふくおか,812-0888,,福岡県福岡市博多区板付3-24-107･312,,092-292-0182,092-292-0183,2015/2/1
4025100035,株式会社フォーシーム,夢・志援センター,820-1103,,福岡県鞍手郡小竹町大字勝野４１６６－１,,09496-6-8723,09496-6-8724,2015/1/1
4022600094,株式会社サキヤ,第一・第二さくら寮,838-0127,,福岡県小郡市大崎１１４１－１１,,0942-23-0588,0942-23-0587,2014/11/1
4021000114,ＭあんどＨ株式会社,グループホームれもん,814-0021,,福岡県福岡市早良区荒江2-15-16　小川第一ビル,,092-821-4500,092-834-6190,2014/7/1
4024300073,社会福祉法人　たからばこ,宝箱しぇあほーむ　ＣＬＯＶＥＲ,832-0806,,福岡県柳川市三橋町柳河２１‐１　エスペランサ椛島１０３号（１０７号）,,0944-73-8849,0944-73-8871,2014/7/1
4024400147,社会福祉法人　キリスト者奉仕会,つくしんぼ宮原,836-0875,,福岡県大牟田市宮原町１丁目２８０番地の１　ロングヒル２－Ｇ,,0944-56-1533,0944-56-1533,2014/7/1
4020700037,合同会社ルクス,グループホームＬＵＸ－Ⅰ,811-3106,,福岡県古賀市日吉１－８－１８,,092-984-8875,092-984-8875,2014/6/1
4021100138,社会福祉法人　飯盛会,サンサンホーム,819-0038,,福岡県福岡市西区羽根戸816-1,,092-892-2331,092-892-2332,2014/6/1
4027500091,ナサフ株式会社,グッドライフ,824-0068,,福岡県行橋市大字延永７８－１,,0930-23-2180,0930-23-2181,2014/6/1
4020200194,社会福祉法人多々良福祉会,グループホーム　たいようの家,813-0024,,福岡県福岡市東区名子1-6-35,,092-691-8411,092-691-8420,2014/5/1
4021700044,社会福祉法人美光瑞園会,グループホーム天心園,818-0024,,福岡県筑紫野市原田５－８－１,,092-924-0801,092-925-7286,2014/5/1
4025300163,有限会社太陽,グループホーム　太陽,827-0004,,福岡県田川郡川崎町田原１２８－４,,0947-73-2333,0947-73-9112,2014/5/1
4025400112,のおがたファーム株式会社,フレンドリーハウス,822-0034,,福岡県直方市山部４４２番地１７－１０５,,0949-24-0316,0949-24-0316,2014/5/1
4020400075,社会福祉法人　相互福祉会,グループホームニューのぞみ「けやきの家」「つばきの家」,811-2108,,福岡県糟屋郡宇美町ゆりが丘６－１５－２,,092-933-0277,092-933-0117,2014/4/1
4020400117,社会福祉法人　玄洋会,ケアホーム若杉,811-2417,,福岡県糟屋郡篠栗町中央６－３２－１,,092-931-5011,092-931-5017,2014/4/1
4020400158,社会福祉法人　鞍手ゆたか福祉会,ブルーム桐ヶ坂,811-2101,,福岡県糟屋郡宇美町神武原３－１－５,,092-932-7877,092-932-7877,2014/4/1
4020400166,社会福祉法人糟屋中部会,コスモス,811-2313,,福岡県糟屋郡粕屋町江辻１０７０－５,,092-938-0139,092-938-0139,2014/4/1
4020400174,社会福祉法人柚の木福祉会,大楠早見,811-2100,,福岡県糟屋郡宇美町宇美中央１－５－２８,,092-410-5381,092-410-5381,2014/4/1
4020500031,社会福祉法人起生会,シーサイドヒルつやざき,811-3306,,福岡県福津市生家1773－2,,0940-52-5198,0940-52-6717,2014/4/1
4020500064,社会福祉法人起生会,シーサイドヒルつやざきＷＥＳＴ,811-3306,,福岡県福津市生家１７７３－４,,0940-52-5198,0940-52-5198,2014/4/1
4020600088,社会福祉法人宗像福祉会,グループホームにじいろ,811-4175,,福岡県宗像市田久１－１２４１－３,,0940-47-2121,0940-47-2122,2014/4/1
4020900041,社会福祉法人　葦の家福祉会,すてっぷ,814-0153,,福岡県福岡市城南区樋井川4-1-11,,092-834-3365,092-834-3365,2014/4/1
4021000080,株式会社絆ホーム,ケアホーム絆,814-0171,,福岡県福岡市早良区野芥6丁目35番12号,,092-407-7561,092-407-7562,2014/4/1
4021100088,特定非営利活動法人　今山を守る会,美浜ホーム,819-0166,,福岡県福岡市西区横浜２丁目33-23,,092-807-5324,092-807-5324,2014/4/1
4021100096,社会福祉法人　そら,ゆるり,819-0031,,福岡県福岡市西区橋本2丁目33-1,,092-407-7643,092-407-7643,2014/4/1
4021100120,特定非営利活動法人　今山を守る会,横浜ホーム,819-0166,,福岡県福岡市西区横浜２丁目３３番２０号,,092-807-0718,092-807-0830,2014/4/1
4021200029,社会福祉法人　福岡障害者支援センター,こすもホーム若久,815-0042,,福岡県福岡市南区若久3-40-12,,092-542-0233,092-542-0233,2014/4/1
4021200102,社会福祉法人PAL,総合PALホーム,811-1346,,福岡県福岡市南区老司4-22-13,,092-403-2820,092-403-2821,2014/4/1
4021400025,特定非営利活動法人　ふれあいの家,グループホーム　ＭＡ・ＴＯ・ＳＥ,818-0132,,福岡県太宰府市国分３－５－３２,,092-923-1531,092-923-1521,2014/4/1
4021500022,社会福祉法人さつき会,パルテールはまゆう,816-0911,,福岡県大野城市大城５丁目２８番９号,,092-580-8555,092-580-8556,2014/4/1
4021700010,社会福祉法人　はーと＆はーと,グループホームわいわい,818-0003,,福岡県筑紫野市山家２７７５番地２０,,092-927-3949,,2014/4/1
4021800026,社会福祉法人宰府福祉会,グループホーム　やまもも,811-1231,,福岡県那珂川市不入道３６６－４,,092-408-6288,,2014/4/1
4022100087,社会福祉法人　明和会,陽だまりホーム　和み,834-0014,,福岡県八女市忠見６１番地１,,0943-22-5111,0943-22-5101,2014/4/1
4022100129,社会福祉法人　楠会,くすわかば,834-0023,,福岡県八女市馬場２３－１,,0943-24-8085,0943-24-0082,2014/4/1
4022300091,社会福祉法人　筑後わかたけ福祉会,虹,833-0034,,福岡県筑後市下北島長間寺３６９－２,,0942-53-7051,0942-53-7051,2014/4/1
4022300109,社会福祉法人陽南会,イーエルホーム,833-0032,,福岡県筑後市大字野町字道山４２１番地１,,0942-53-6778,0942-53-6778,2014/4/1
4022600078,社会福祉法人翔朋会,こもれび,838-0106,,福岡県小郡市三沢７４６,,0942-75-4190,0942-75-4192,2014/4/1
4022600086,特定非営利活動法人らいふステージ,グループホーム　三線,838-0106,,福岡県小郡市三沢水訳４６５－１,,0942-72-0667,0942-41-2155,2014/4/1
4022700019,社会福祉法人　三町福祉会,スマイルハウス,830-0213,,福岡県久留米市城島町江上１０５番地の１,,0942-62-6966,0942-62-6971,2014/4/1
4022700100,社会福祉法人　拓く,チェムチェム,830-0071,,福岡県久留米市安武町安武本２８８５－２２,,0942-27-3992,0942-27-3992,2014/4/1
4022700159,特定非営利活動法人グローリー,ケアホームグローリー,830-0065,,福岡県久留米市荒木町今字宮脇１３２－２,,0942-64-5858,0942-64-5814,2014/4/1
4022700191,社会福祉法人　栄光福祉会,しいのみ,830-0065,,福岡県久留米市荒木町今５４－１,,0942-64-5858,0942-64-5814,2014/4/1
4022700217,特定非営利活動法人　暮らしの樹,グループホームゆめ,839-0861,,福岡県久留米市合川町１１０６番地４,,080-1796-8255,0942-44-5732,2014/4/1
4022700233,社会福祉法人　八千代会,一麦ハウス,839-1215,,福岡県久留米市田主丸町竹野９０７－１,,0943-72-1618,0943-72-1618,2014/4/1
4022700241,ＮＰＯ法人SelfishLife,なごみ,830-1124,,福岡県久留米市北野町乙吉２１番地８,,0942-65-8174,0942-65-8174,2014/4/1
4024500011,社会福祉法人高田福祉会,グループホーム萠友園,839-0221,,福岡県みやま市高田町下楠田１５５９番地２８,,0944-22-5994,0944-22-5994,2014/4/1
4025100019,社会福祉法人鞍手ゆたか福祉会,サンガーデン鞍手,807-1305,,福岡県鞍手郡鞍手町新延２８９番地２,,0949-43-1202,0949-43-1201,2014/4/1
4025200058,特定非営利活動法人　ハートフルボイス,共同生活援助クローバー,820-0607,,福岡県嘉穂郡桂川町大字土師２３４５－１,,0948-65-2055,0948-65-1855,2014/4/1
4025300106,株式会社　新魁,ケアホーム日和莉,822-1102,,福岡県田川郡福智町上野１１７－７,,0947-28-3777,0947-28-3777,2014/4/1
4025300155,社会福祉法人豊前たけのこ会,ケアホーム　リーフ,822-1406,,福岡県田川郡香春町香春１２７６番１,,0947-32-2111,0947-32-2711,2014/4/1
4025500168,社会福祉法人　全和会,ケアハイツわかば,820-0076,,福岡県飯塚市太郎丸字一ツ木４８４－１,,0948-21-1920,0948-21-1921,2014/4/1
4025500184,社会福祉法人庄内幸和福祉会,共同生活援助　幸の家,820-0101,,福岡県飯塚市綱分１３６９番地,,0948-80-1066,0948-80-1345,2014/4/1
4025500192,社会福祉法人竜王会,ゆずり葉,820-0076,,福岡県飯塚市太郎丸１１４９－１,,0948-24-8880,0948-24-8880,2014/4/1
4025600075,社会福祉法人　瑞穂会,グループホーム　歩,825-0011,,福岡県田川市栄町５番９号,,0947-62-2129,0947-62-9200,2014/4/1
4025800022,社会福祉法人　若宮福祉会,グループホーム雅,822-0133,,福岡県宮若市脇田字古賀４７１,,0949-55-5001,0949-54-1135,2014/4/1
4026100059,株式会社つつじ庵,みやま邸,811-4215,,福岡県遠賀郡岡垣町旭台４－１９－２１,,093-701-8858,093-701-8857,2014/4/1
4026200016,社会福祉法人仲間会,仲間園ケアホーム,809-0021,,福岡県中間市朝霧３－１０－５,,093-245-5558,093-245-7835,2014/4/1
4026500050,社会福祉法人すみれ会,共同生活援助事業所すずらんの家,808-0104,,福岡県北九州市若松区大字畠田２５番地１,,093-772-1177,093-772-1178,2014/4/1
4026500068,特定非営利活動法人あじさい,あじさいホーム,808-0044,,福岡県北九州市若松区東畑町１番６号,,093-751-3090,093-751-3092,2014/4/1
4026700031,社会福祉法人　幸容会,オアシス,807-1262,,福岡県北九州市八幡西区大字野面１７５７番地１,,093-618-3030,093-616-6263,2014/4/1
4026700072,社会福祉法人北九州あゆみの会,ケアホームあゆみ,807-0807,,福岡県北九州市八幡西区本城学研台二丁目２１番８号,,093-695-1170,093-695-1175,2014/4/1
4026700098,有限会社徳星園,さんかく荘,807-1262,,福岡県北九州市八幡西区大字野面１７４２番地３,,093-618-2250,093-616-0134,2014/4/1
4027300047,社会福祉法人豊津福祉会,グループホーム花みずき,824-0801,,福岡県京都郡みやこ町勝山大久保１０７６番地１,,0930-32-5146,0930-32-5146,2014/4/1
4027300062,社会福祉法人　犀川福祉会,グループホーム　さいがわ,824-0225,,福岡県京都郡みやこ町犀川大坂５４６－１,,0930-42-1233,0930-42-1233,2014/4/1
4027400078,社会福祉法人みちくさ,あごらんち,828-0021,,福岡県豊前市八屋１８０１－１,,0979-83-1613,0979-83-1613,2014/4/1
4027700105,一般社団法人てんじん,ぷらむ,800-0246,,福岡県北九州市小倉南区大字長野１２６番地８,,093-963-0665,093-967-7017,2014/4/1
4027700121,一般社団法人Ｑ－ＡＣＴ,ＡＣＴホーム北方,802-0841,,福岡県北九州市小倉南区北方一丁目１４番２号ＰＬＥＡＳＴ北九大前２０９,,093-383-9237,093-383-9237,2014/4/1
4027800046,株式会社晴天,星の家,803-0851,,福岡県北九州市小倉北区木町二丁目３番６号,,093-581-1820,093-967-0861,2014/4/1
4027800087,特定非営利活動法人ジャパンマック,クロップハウス,802-0032,,福岡県北九州市小倉北区赤坂一丁目５番１８号,,093-967-7691,093-967-7692,2014/4/1
4020200152,社会福祉法人　優希福祉会,めだかホーム,811-0201,,福岡県福岡市東区三苫８丁目１７５番１,,092-405-6660,092-607-8277,2014/4/1
4020100089,社会福祉法人柚の木福祉会,おりひめ,812-0863,,福岡県福岡市博多区金の隈２丁目１４番１８号,,092-936-5427,092-558-7577,2014/4/1
4026700114,社会福祉法人北九州フレンド社,グループホームのぞみ,807-1152,,福岡県北九州市八幡西区高江三丁目１１番３３号,,093-618-2231,093-618-3570,2013/12/1
4023300033,社会福祉法人両筑福祉会,浮羽学園グループホームふじなみの里,839-1415,,福岡県うきは市浮羽町妹川９６－１,,0943-77-8608,,2013/11/1
4021400017,NPO法人ふくおか福祉とびうめ会,メゾンブランセ,818-0118,,福岡県太宰府市石坂２－４－２０,,092-922-1400,092-922-0400,2013/9/1
4027700113,特定非営利活動法人はつらつ日本,ライフイン葛原,800-0253,,福岡県北九州市小倉南区葛原本町三丁目１２番５号,,093-475-1490,093-475-1491,2013/8/1
4022100111,医療法人　社団　筑水会,指定共同生活援助事業所（介護サービス包括型）おおぞら,834-0006,,福岡県八女市吉田１１３６－１,,0943-23-3138,0943-23-5134,2013/5/1
4026700106,株式会社わーくわーく,グループホーム小鷺田,806-0056,,福岡県北九州市八幡西区小鷺田町３番５号,,093-621-6750,093-621-6750,2013/5/1
4020600070,社会福祉法人起生会,宗像ゆうなぎ,811-3501,,福岡県宗像市神湊西口４５０－５,,0940-62-8188,0940-62-8189,2013/4/1
4020900033,特定非営利活動法人アットホーム福祉会,アットホームヒルズ,814-0144,,福岡県福岡市城南区梅林２－１８－１９　グロリアスウエスト福大,,070-5456-2886,092-862-4515,2013/4/1
4021200144,社会福祉法人そよかぜの会,そよかぜホーム２,811-1302,,福岡県福岡市南区井尻３丁目３５－３０,,092-581-2100,092-581-2121,2013/4/1
4022500054,特定非営利活動法人ボクらの家,グループホーム　ボクらの家,831-0035,,福岡県大川市津７７８番地１,,0944-88-8511,0944-88-1969,2013/4/1
4022700225,一般社団法人　東建アグリ,東の家,830-0211,,福岡県久留米市城島町楢津59-12,,0942-62-5518,0942-62-3180,2013/4/1
4025800055,特定非営利活動法人なおみの会,アットホームなおみ,823-0004,,福岡県宮若市磯光１２９１番地３,,0949-33-9692,0949-33-9692,2013/4/1
4027200023,社会福祉法人　恵愛会,共同生活介護事業所「こすもす」,829-0113,,福岡県築上郡築上町大字下香楽１０３－１３,,0930-52-2100,0930-52-2112,2013/4/1
4020200178,NPO法人福岡げんき会,グループホーム千早,813-0011,,福岡県福岡市東区香椎1-10-5-417,,090-7152-0641,092-327-1213,2013/4/1
4021100112,社会福祉法人　福岡市手をつなぐ育成会,第三ひまわりハウス,819-0042,,福岡県福岡市西区壱岐団地３４棟２０１号,,092-802-0210,092-802-0210,2013/3/1
4024400139,社会福祉法人キリスト者奉仕会,つくしんぼ勝立,836-0886,,福岡県大牟田市大字勝立１２１－１・１２１－５・１２１－７　１０２号,,0944-51-8750,,2013/3/1
4027800079,特定非営利活動法人nest,ｎｅｓｔ地域生活サポートＳＴＡＴＩＯＮ,803-0851,,福岡県北九州市小倉北区木町三丁目６番７号,,093-582-7018,093-582-7018,2013/3/1
4025600109,シルバーメディカル株式会社,心の家,825-0002,,福岡県田川市伊田1017,,0947-46-1000,0947-42-5783,2013/2/1
4026700080,社会福祉法人共生の里,心の駅北九州,806-0055,,福岡県北九州市八幡西区幸神二丁目３番１６号,,093-616-9787,093-616-9795,2013/2/1
4027500083,社会福祉法人　共生の里,グループホーム　共生の里,824-0037,,福岡県行橋市矢留１２４６,,0930-25-3958,0930-25-3958,2013/2/1
4022500047,特定非営利活動法人ひまわり,ひまわりの里,831-0035,,福岡県大川市津１２－１ひまわりビル,,0944-87-2511,0944-88-9571,2012/12/1
4025800048,社会福祉法人　宮田親和会,絆,823-0012,,福岡県宮若市長井鶴８８５－６,,0949-28-8110,0949-28-8110,2012/11/1
4020100071,有限会社　西海,共同生活支援住宅　さいかい,812-0863,,福岡県福岡市博多区金の隈２－３－１５,,092-517-2472,092-518-2390,2012/11/1
4020400141,株式会社コレクティブ,共同生活支援住宅　十和　弐番館,811-0125,,福岡県糟屋郡新宮町三代西１－２－２７　コレクティブビル２～４階,,092-940-6620,092-940-6622,2012/10/1
4021000106,特定非営利活動法人　いるか福祉会,いるかホーム,814-0164,,福岡県福岡市早良区賀茂1-40-1 ピアレス202号､306号,,092-836-9981,092-836-9981,2012/9/1
4027300070,合資会社　うらら,グループホーム　うらら風,824-0107,,福岡県京都郡みやこ町田中515番地,,0930-33-3710,0930-33-3710,2012/8/1
4020200160,NPO法人ホーキーズ,グループホーム　轍,813-0003,,福岡県福岡市東区香住ケ丘２丁目２８－２８　レイクヒル・２１,,092-410-2477,092-410-2490,2012/8/1
4021100104,社会福祉法人　悲田院,さくら,819-0371,,福岡県福岡市西区飯氏２６２－４,,092-323-4711,092-323-4712,2012/6/1
4025300148,株式会社ウィサポート,グループホーム　みのり,822-1101,,福岡県田川郡福智町赤池４１８番地７１　ピッティＦＵＫＵＣＨＩ１階１０１号,,0947-28-5068,0947-28-5053,2012/6/1
4026100042,社会福祉法人はまゆう福祉会,グループホームはまゆう,811-4221,,福岡県遠賀郡岡垣町山田９１８,,093-283-1304,093-282-6423,2012/6/1
4025600091,里ごころ　有限会社,障がい者共同生活ホーム　里ごころ,825-0004,,福岡県田川市大字糒１７８９番地１４,,0947-46-0011,0947-46-0022,2012/5/1
4026500092,医療法人三芳会,グループホーム　さくら荘,808-0132,,福岡県北九州市若松区小敷ひびきの一丁目１０番１号,,093-742-2000,093-742-2003,2012/5/1
4020400125,社会福祉法人福岡あけぼの会,グループホームはーとふる,811-2405,,福岡県糟屋郡篠栗町大字篠栗３６９７－１,,092-947-6805,092-947-6805,2012/4/1
4020400133,医療法人社団　緑風会　水戸病院,グループホーム エスポワールメゾン,811-2243,,福岡県糟屋郡志免町志免東４－５－１,,092-935-2131,092-935-2162,2012/4/1
4020900025,一般社団法人ＱーＡＣＴ,ACTﾎｰﾑ友泉,814-0122,,福岡県福岡市城南区友泉亭７－１７　リバーサイド友泉２０３,,092-980-2165,092-980-2165,2012/4/1
4021700028,医療法人　牧和会,共同生活援助ピアッツァ桜台,818-0064,,福岡県筑紫野市常松４５６－２,,092-919-2055,092-919-2135,2012/4/1
4022100095,社会福祉法人　上横山福祉会,第５ほうれん莊,834-0013,,福岡県八女市大籠２８４,,0943-30-3001,0943-30-3003,2012/4/1
4022100103,社会福祉法人　上横山福祉会,第６ほうれん莊,834-0013,,福岡県八女市大籠２８４,,0943-30-3001,0943-30-3003,2012/4/1
4022300117,社会福祉法人筑陽会,グループホーム　アーモンド,834-0122,,福岡県八女郡広川町大字一條字風穴１３７２番地１、１３７３番地３３,,0942-54-1840,,2012/4/1
4022700209,医療法人コミュノテ風と虹,ヒルサイドテラスのぞえ,830-0053,,福岡県久留米市藤山町字藤吉１７３０番地９,,0942-22-6540,0942-22-6540,2012/4/1
4023300025,医療法人社団宗仁会,ステップハイツ　オリーブ,839-1321,,福岡県うきは市吉井町２６９－７,,0943-75-2160,0943-75-3167,2012/4/1
4024300065,社会福祉法人　かおりの里,外部サービス利用型共同生活援助　かおり園,832-0801,,福岡県柳川市三橋町起田５３８－１,,0944-75-5030,0944-75-5031,2012/4/1
4024400105,医療法人　冨松記念会,グループホーム「サンフラワー」,837-0921,,福岡県大牟田市大字三池８７８番地,,0944-59-7066,0944-53-4863,2012/4/1
4024400113,社会福祉法人　キリスト者奉仕会,つくしんぼ小浜Ⅲ,836-0034,,福岡県大牟田市小浜町３丁目２－１２,,0944-51-8781,0944-51-8776,2012/4/1
4025300130,社会福祉法人　香和会,コミュニティ碧空,822-1405,,福岡県田川郡香春町大字中津原１２４９－６,,0947-48-2003,0947-48-2003,2012/4/1
4025800030,医療法人　新光園,いろり,823-0001,,福岡県宮若市龍徳５６７番地,,0949-22-2662,0949-22-2775,2012/4/1
4026500084,社会福祉法人まどか,グループホームさくら,808-0013,,福岡県北九州市若松区波打町６番１３号,,093-771-1945,093-771-1945,2012/4/1
4020100063,一般社団法人　宅,グループホーム　あるふぁ,812-0015,,福岡県福岡市博多区山王１丁目２－２６山王ハイツ１１１号室,,080-2696-5381,092-776-3151,2012/4/1
4020000016,社会福祉法人　福岡愛育福祉会,火山ホーム事業部,819-1323,,福岡県糸島市志摩小金丸２４０１番地６２,,092-327-5000,092-327-5123,2012/4/1
4025700065,社会福祉法人愛光会,第三清浄ホーム,820-0201,,福岡県嘉麻市漆生１０６２－１,,0948-42-4350,0948-42-1023,2012/3/1
4027700097,医療法人成康会,グループホーム　レイクサイド・ヴィラ,802-0835,,福岡県北九州市小倉南区大字堀越３６７番地２,,093-963-8510,093-963-8506,2012/3/1
4020200145,社会福祉法人　ほっと福祉会,グループホーム　ほっと２,813-0013,,福岡県福岡市東区香椎駅前１－２７－２８,,092-673-1076,092-673-1076,2012/3/1
4023100029,社会福祉法人　善正会,あっとホーム　みなみ,838-0205,,福岡県朝倉郡筑前町三並９０２－３,,0946-42-1360,0946-42-1368,2012/2/1
4024400097,ローカルコア株式会社,八尻寮,836-0811,,福岡県大牟田市八尻町３丁目１４番地３,,0944-55-0115,0944-85-0182,2012/2/1
4025500150,医療法人社団豊永会,グループホーム「ぼくらの家」,820-0014,,福岡県飯塚市鶴三緒１４３８－２,,0948-26-3057,0948-26-3058,2012/2/1
4025600083,社会福祉法人高友会,ひがしの杜,825-0004,,福岡県田川市夏吉８７８番地１,,0947-63-4567,0947-63-4568,2012/1/1
4020700029,社会福祉法人福岡コロニー,グループホーム　かづるⅠ,811-3104,,福岡県古賀市花鶴丘１－１０　１４号棟３０４号室及び４０５号室,,092-963-2781,092-963-2787,2011/11/1
4025400096,医療法人社団　温故会,グループホーム　合歓の木,822-0003,,福岡県直方市大字上頓野字三本松２１０５－１,,0949-26-6044,0949-26-1166,2011/11/1
4025700131,社会福祉法人稲築福祉会,誠心園グループホーム,820-0203,,福岡県嘉麻市平56番地１,,0948-20-5090,0948-20-5091,2011/11/1
4027700089,NPO法人夢絆,未来サポートステーション　樹,802-0971,,福岡県北九州市小倉南区守恒本町二丁目８番１９号,,093-481-5705,093-481-5667,2011/11/1
4024400089,社会福祉法人　あけぼの会,グリーンケアホテル,836-0096,,福岡県大牟田市萩尾町１丁目４１０番地,,0944-53-4156,0944-53-4156,2011/10/1
4022600060,社会福祉法人ラポール,風の丘ホーム小郡,838-0136,,福岡県小郡市上西鰺坂１８０－３,,0942-23-8885,0942-73-3156,2011/9/1
4020200137,社会福祉法人　野の花学園,野の花学園グループホーム東,813-0062,,福岡県福岡市東区松島３-９-12-601,,092-611-0122,092-611-0129,2011/8/1
4025300080,社会福祉法人　朝日会,ケアホーム西友,822-1101,,福岡県田川郡福智町赤池６８－２６,,0947-22-0039,,2011/7/1
4025100027,社会福祉法人鞍手ゆたか福祉会,らいふ,807-1312,,福岡県鞍手郡鞍手町中山３１８６－７,,0949-42-0520,0949-42-0523,2011/5/1
4020600062,株式会社ゆり庵,ゆり庵グループホーム,811-3406,,福岡県宗像市稲元6丁目10－9,,0940-39-3156,0940-72-1175,2011/4/1
4025300122,社会福祉法人聖導会,如月ハウス,827-0003,,福岡県田川郡川崎町大字川崎３５６９番地,,0947-72-7404,0947-72-7404,2011/4/1
4020100055,社会福祉法人　静都,グループケアマックス,812-0862,,福岡県福岡市博多区大字立花寺字白石３０番１,,092-936-7103,092-936-7103,2011/4/1
4026100034,社会福祉法人つつみ会,共同生活援助　あゆみヶ丘,811-4224,,福岡県遠賀郡岡垣町鍋田２－１－５,,093-283-0952,093-283-2560,2011/1/1
4027500075,医療法人財団つばさ,グループホームわかば,824-0041,,福岡県行橋市大字大野井６５７－１５,,0930-22-1751,,2010/12/1
4022700183,社会福祉法人　筑陽会,グループホーム　サファイア,830-0063,,福岡県久留米市荒木町荒木字東４０５８番２,,0942-26-2626,,2010/8/1
4025700123,特定非営利活動法人　ハートフルボイス,ミライステップ,820-0501,,福岡県嘉麻市飯田３９６－１,,0948-20-8300,0948-20-8301,2010/8/1
4024400063,社会福祉法人キリスト者奉仕会,つくしんぼ小浜Ⅱ,836-0034,,福岡県大牟田市小浜町９８－１２,,0944-52-0585,0944-52-0585,2010/7/1
4025500143,社会福祉法人　ひとみの里,なのみ荘,820-0088,,福岡県飯塚市弁分４５４－１,,0948-25-5174,0948-25-5219,2010/7/1
4025700115,シルバーメディカル株式会社,シルバーハウス,821-0013,,福岡県嘉麻市熊ケ畑２５３９－２,,0947-42-5753,0947-42-5783,2010/6/1
4027400094,医療法人社団　豊和会,ゆずりは荘,828-0048,,福岡県豊前市大字久路土１４８７－１,,0979-82-3250,0979-82-3256,2010/6/1
4020200103,社会福祉法人明日へ向かって,土井１丁目ホーム,813-0032,,福岡県福岡市東区土井１丁目９－３,,092-663-2833,092-663-2834,2010/6/1
4025200041,社会福祉法人　嘉穂の里,社会福祉法人　嘉穂の里　みんなの家,820-0607,,福岡県嘉穂郡桂川町土師１０９１－３１,,0948-22-2200,0948-20-2200,2010/5/1
4022300083,社会福祉法人　筑陽会,グループホーム　マーガレット,833-0053,,福岡県筑後市西牟田字銭亀６３８３番地６,,0942-53-4520,,2010/4/1
4022500021,社会福祉法人　大川市福祉会,木の香ほーむ,831-0041,,福岡県大川市大字小保４７０－３　小保団地１棟１２３号,,0944-86-7577,0944-86-8060,2010/4/1
4026500076,社会福祉法人ひびき学園,ひびき学園共同生活事業所,808-0104,,福岡県北九州市若松区畠田三丁目５番５０号,,093-771-5149,093-771-8594,2010/4/1
4020200095,特定非営利活動法人はくちょうの会,はくちょうホーム,811-0202,,福岡県福岡市東区和白４丁目２４番４４号,,092-402-0577,092-402-0575,2010/4/1
4022000048,医療法人　せいわ会,グループホームゆうあい,819-1129,,福岡県糸島市篠原西１丁目１４－６,,092-322-3263,092-322-1509,2010/2/1
4021900016,社会福祉法人　香月福祉会,ファミリーハウス　横断歩道,819-1331,,福岡県糸島市志摩久家２４６２－１,,092-328-1923,092-328-1924,2010/1/1
4020400067,社会福祉法人　相互福祉会,グループホームニューのぞみ「くすの家」,811-2108,,福岡県糟屋郡宇美町ゆりが丘６－１５－２,,092-933-0277,092-933-0117,2009/12/1
4025700099,ベストサポート株式会社,共同生活援助事業所ひばり,820-0201,,福岡県嘉麻市漆生1270-33（ひばり６）,,0948-83-8616,0948-83-8617,2009/12/1
4022000022,社会福祉法人　悲田院,老松ホーム,819-1116,,福岡県糸島市前原中央１丁目５－４５,,092-323-4711,092-323-4712,2009/11/1
4027700063,社会福祉法人北九州精神保健福祉事業協会,あさのホーム,802-0841,,福岡県北九州市小倉南区北方二丁目２１番１２号,,093-941-7330,093-941-7330,2009/9/1
4025700081,ＮＰＯ boisoon,ベース嘉麻,821-0012,,福岡県嘉麻市上山田１３５９ー１,,0948-52-2420,0948-52-2421,2009/8/1
4025200033,社会福祉法人自遊学舎,グループホーム　ワークランド桂川,820-0607,,福岡県嘉穂郡桂川町土師１０９９番地１６,,0948-65-4080,0948-65-1923,2009/7/1
4020100048,社会福祉法人　そよかぜの会,そよかぜホーム,812-0888,,福岡県福岡市博多区板付７丁目９－４３,,092-571-2161,,2009/5/1
4023500061,社会福祉法人黒木福祉会,ケアホームしろやま,834-1203,,福岡県八女市黒木町北木屋４５９番地,,0943-42-4088,0943-42-4088,2009/4/1
4025700073,社会福祉法人ひとみの里,第２なのみ荘,820-0301,,福岡県嘉麻市牛隈字谷クラ１７１２番地６,,0948-57-2040,0948-57-2176,2009/4/1
4026700056,社会福祉法人北九州市手をつなぐ育成会,グループホーム支援センター西部,806-0024,,福岡県北九州市八幡西区南八千代町７番２１号,,093-642-8050,093-642-7050,2009/4/1
4027700055,社会福祉法人北九州市手をつなぐ育成会,グループホーム支援センター東部,802-0803,,福岡県北九州市小倉南区春ケ丘１０番５号,,093-932-7127,093-932-7050,2009/4/1
4020200079,特定非営利活動法人レッツ,グループホームオークマ,812-0054,,福岡県福岡市東区馬出４丁目６番１号大熊ビル１階,,092-215-1461,092-215-1461,2009/4/1
4025600067,社会福祉法人　真養会,共同生活援助事業所　香旬,825-0002,,福岡県田川市伊田石場浦２７０５番地１,,0947-44-3600,0947-44-3600,2009/2/1
4025400062,社会福祉法人　緑樹会,グループホーム直方リハビリセンター,822-0003,,福岡県直方市上頓野４５９９－１,,0949-29-8771,0949-29-8772,2008/12/1
4022700175,社会福祉法人　荒木福祉会,耳納苑,839-0824,,福岡県久留米市善導寺町飯田１８２－４,,0942-44-6770,0942-44-6770,2008/11/1
4025300072,社会福祉法人豊徳会,グループホームみろく,822-1101,,福岡県田川郡福智町赤池４０９番地１２,,0947-28-2477,0947-85-8107,2008/7/1
4027500067,社会福祉法人みぎわ会,泉荘,824-0036,,福岡県行橋市南泉４－１１－５,,0930-24-1584,0930-24-2654,2008/7/1
4024300057,社会福祉法人学正会,第三　和楽,832-0007,,福岡県柳川市金納４２８－４,,0944-72-6477,0944-72-0113,2008/6/1
4027300039,社会福祉法人　青空福祉会,こすもすの里,824-0121,,福岡県京都郡みやこ町豊津１３７１－９,,0930-33-6004,0930-33-6004,2008/6/1
4027800038,特定非営利活動法人北九州精神障害者福祉会連合会,シティルーム大畠,802-0026,,福岡県北九州市小倉北区大畠二丁目３番２－１０１号,,093-230-0816,093-230-0816,2008/5/1
4020600039,社会福祉法人さつき会,ライフアップはまゆう,811-3514,,福岡県宗像市田野字正吹３１０,,0940-62-3144,0940-62-3154,2007/11/1
4025300064,社会福祉法人幸容会,グループホーム　クローバー,822-1202,,福岡県田川郡福智町神崎１６２６番地３,,0947-22-6025,,2007/9/1
4026500035,NPO法人やすらぎ,やすらぎ,807-1313,,福岡県鞍手郡鞍手町新北１６４番１,,0949-42-6610,0942-28-7288,2007/9/1
4027700048,ライフアンドケア株式会社,ラベンダー北方,802-0841,,福岡県北九州市小倉南区北方一丁目１５番１７号,,093-931-2735,093-931-2737,2007/9/1
4025700040,社会福祉法人　愛光会,第二清浄ホーム,820-0201,,福岡県嘉麻市漆生１０６１ー１,,0948-42-4350,0948-42-1023,2007/4/1
4022100079,社会福祉法人　伍福会,もちのき,834-0067,,福岡県八女市龍ケ原１８２,,0943-30-2060,0943-30-2061,2007/3/1
4024300040,社会福祉法人　学正会,第二和楽,832-0007,,福岡県柳川市大字金納３０１－４,,0944-74-0666,,2007/2/1
4027500042,社会福祉法人　みぎわ会,愛和社会復帰センターグループホーム,824-0036,,福岡県行橋市南泉２－２８－１,,0930-25-6623,0930-25-6670,2007/1/1
4020400018,社会福祉法人　柚の木福祉会,ＢＦクローバー,811-2201,,福岡県糟屋郡志免町桜丘３－２５－１２,,092-935-7611,092-935-7611,2006/10/1
4020400034,社会福祉法人　柚の木福祉会,カムカムホーム　和,811-2114,,福岡県糟屋郡須惠町大字上須惠１２４３－２,,092-936-5427,092-936-5430,2006/10/1
4020400042,医療法人済世会,グループホーム河桜荘,811-2414,,福岡県糟屋郡篠栗町和田９１０－２０５,,092-947-3990,092-947-8598,2006/10/1
4020500015,医療法人恵愛会,グループホーム　ガーデンサンシャイン,811-3216,,福岡県福津市花見が浜１－１１－３,,0940-72-4409,0940-72-4586,2006/10/1
4020600021,社会福祉法人　宗像会,くすくすホーム,811-3435,,福岡県宗像市用山１６６ー１,,0940-37-2555,0940-36-1329,2006/10/1
4021000023,社会福祉法人　悲田院,第一田隈ホーム,814-0174,,福岡県福岡市早良区田隈3-14-12,,092-873-7165,092-873-7165,2006/10/1
4021000031,社会福祉法人　悲田院,こすもすホーム,811-1101,,福岡県福岡市早良区重留7-6-6-101、301,,092-803-0154,092-803-0154,2006/10/1
4021000056,医療法人　泯江堂,サンライズ荘,814-0171,,福岡県福岡市早良区野芥5-6-37,,092-871-7667,092-863-2641,2006/10/1
4021000064,社会福祉法人　福岡あけぼの会,カレッタ,814-0033,,福岡県福岡市早良区有田5-24-27-107,,092-873-2578,092-873-2580,2006/10/1
4021100021,社会福祉法人野の花学園,野の花学園グループホーム,819-0165,,福岡県福岡市西区今津4820-2,,092-806-4514,092-806-1511,2006/10/1
4021100039,社会福祉法人　のぞみの里,メイプルタウン泉,819-0381,,福岡県福岡市西区泉１－１３－１７,,092-807-8996,092-807-8996,2006/10/1
4021100047,社会福祉法人　福岡市手をつなぐ育成会,第一ひまわりハウス,819-0161,,福岡県福岡市西区今宿東1-16-33,,092-882-0432,092-885-3860,2006/10/1
4021200045,社会福祉法人　共栄福祉会,きずな,815-0042,,福岡県福岡市南区若久3丁目9-6,,092-511-3126,092-511-3126,2006/10/1
4021200052,社会福祉法人　共栄福祉会,グループホームこのは,811-1101,,福岡県福岡市早良区重留６丁目２－６　２０１・３０１・４０２,,092-400-7654,092-400-7654,2006/10/1
4021200078,医療法人　慈光会,若久荘,815-0042,,福岡県福岡市南区若久6-19-2,,092-551-2231,092-551-3192,2006/10/1
4021200086,医療法人　緑心会,クローバーハウス,815-0004,,福岡県福岡市南区高木1-16-15,,092-431-3031,092-431-3190,2006/10/1
4021400033,一般財団法人医療・介護・教育研究財団,とびうめ荘,818-0121,,福岡県太宰府市青山２丁目ー５－１５パシフィック青山,,092-922-3137,092-924-4060,2006/10/1
4021400041,一般財団法人医療・介護・教育研究財団,ミキ・ホーム,818-0103,,福岡県太宰府市朱雀２丁目６－７,,092-922-3137,092-924-4060,2006/10/1
4022100012,社会福祉法人　上横山福祉会,ほうれん荘,834-0013,,福岡県八女市大籠２６番地２市の木ハイツ,,0943-30-3001,0943-30-3003,2006/10/1
4022100020,社会福祉法人　上横山福祉会,第２ほうれん荘,834-0063,,福岡県八女市本村４２５番地１５０　１０６号,,0943-30-3001,0943-30-3003,2006/10/1
4022100038,社会福祉法人　上横山福祉会,第３ほうれん荘,834-0014,,福岡県八女市大字忠見８０２－４,,0943-30-3001,0943-30-3003,2006/10/1
4022100046,社会福祉法人　上横山福祉会,秋桜,834-0013,,福岡県八女市大字大籠７－１,,0943-30-3001,0943-30-3003,2006/10/1
4022300018,社会福祉法人　筑陽会,グループホームガーネット,833-0044,,福岡県筑後市大字富久８３１番地の７,,0942-52-4124,,2006/10/1
4022300026,社会福祉法人　筑陽会,グループホームアクアマリン,833-0001,,福岡県筑後市大字一条５８６番地１,,0942-53-4472,,2006/10/1
4022300042,社会福祉法人　筑陽会,グループホーム　パール,833-0053,,福岡県筑後市大字西牟田字銭亀6383番地6,,0942-53-4500,,2006/10/1
4022400016,社会福祉法人　筑紫会,そよ風,838-0051,,福岡県朝倉市小田１７８５,,0946-24-4900,0946-24-4900,2006/10/1
4022700027,社会福祉法人　栄光福祉会,ひまわり,830-0065,,福岡県久留米市荒木町今５３番地７,,0942-64-5858,0492-64-5814,2006/10/1
4022700035,社会福祉法人　悠光会,ニコニコホーム,839-0817,,福岡県久留米市山川町字平野１０８２番地の１,,0942-44-2951,0942-44-5001,2006/10/1
4022700076,社会福祉法人　八千代会,むぎハウス,839-1222,,福岡県久留米市田主丸町志塚島４４７番地,,0943-72-1781,0943-72-1782,2006/10/1
4022700126,コミュノテ風と虹,のぞえ希望の家,830-0053,,福岡県久留米市藤山町１７３０－１０,,0942-22-5311,0942-22-5316,2006/10/1
4022700134,社会医療法人　聖ルチア会,ルピナス,830-0044,,福岡県久留米市本町７－１９４,,0942-33-1581,,2006/10/1
4023500012,社会福祉法人　上横山福祉会,グループホームほたる,834-0026,,福岡県八女市井延１７６番地１０,,0943-24-8513,0942-24-8513,2006/10/1
4023500038,社会福祉法人　新世会,きゅうりの家,834-0115,,福岡県八女郡広川町大字新代１３９２番地の１,,090-9495-5241,,2006/10/1
4023500046,社会福祉法人　新世会,ひまわりの家,834-0115,,福岡県八女郡広川町大字新代１１５０－５,,090-9495-5241,,2006/10/1
4024200018,社会福祉法人　本郷福祉会,槙の木,835-0021,,福岡県みやま市瀬高町本郷１３５１番地２、１３５２番地３,,0944-63-2800,0944-63-2801,2006/10/1
4024300016,社会福祉法人　学正会,和楽,832-0007,,福岡県柳川市大字金納３０５番地の２,,0944-73-7748,0944-74-1067,2006/10/1
4024300024,社会福祉法人　筑陽会,グループホームウェーブ,830-0423,,福岡県三潴郡大木町大藪６９５，６９６番地合併,,0944-33-0661,,2006/10/1
4024300032,翠甲会,グループホーム翠甲,832-0077,,福岡県柳川市筑紫町７０番地の４９,,0944-88-9382,0944-88-9385,2006/10/1
4024400030,静光園,さくらガーデンハイツ,836-0885,,福岡県大牟田市下池町３７,,0944-52-8805,,2006/10/1
4024400048,静光園,希望ヶ丘荘,836-0885,,福岡県大牟田市下池町９－４,,0944-43-0990,,2006/10/1
4025200017,特定非営利活動法人嘉飯山ネットBASARA,わたぼうし,820-0603,,福岡県嘉穂郡桂川町寿命１４３－３,,0948-65-3535,,2006/10/1
4025300023,社会福祉法人つくしの里福祉会,ＴＵＫＵＳＩすまいるホーム,822-1300,,福岡県田川郡糸田町川宮１８８０－５,,0947-26-0007,,2006/10/1
4025300031,社会福祉法人友あい会,英彦ホーム,824-0602,,福岡県田川郡添田町添田１０８５番地の１,,0947-82-3747,0947-82-4445,2006/10/1
4025300049,社会福祉法人久和会,ＧＨ　オレンジハウス,822-1101,,福岡県田川郡福智町赤池５５１番地の２８,,0947-28-6223,0947-28-6223,2006/10/1
4025400013,社会福祉法人　薫風会,ＭＳＨ薫風会,822-0006,,福岡県直方市大字上境１８５１番地,,0949-24-6000,0949-24-2188,2006/10/1
4025400021,社会福祉法人　友愛会,めいこうホーム１号館,822-0002,,福岡県直方市大字頓野字野添２０９８－１９,,0949-26-5311,,2006/10/1
4025400039,社会福祉法人　鶴林福祉会,なのはな荘,822-0022,,福岡県直方市知古１－５－１０,,0949-22-3281,0949-22-3281,2006/10/1
4025400047,医療法人　福翠会,グリーンハイツ,822-0007,,福岡県直方市大字下境３９１０－４６０,,0949-22-0007,0949-25-0824,2006/10/1
4025500010,社会福祉法人　茜会,コーポあかね,820-0704,,福岡県飯塚市阿恵364-2,,0948-72-0502,0948-72-4728,2006/10/1
4025500044,社会福祉法人　東ノ原会,桂木の家,820-0049,,福岡県飯塚市建花寺９７５－１,,0948-29-8800,0948-29-8801,2006/10/1
4025500101,社会福祉法人　ひとみの里,ホット館,820-0089,,福岡県飯塚市小正５３６－１,,0948-23-6266,0948-25-2509,2006/10/1
4025600018,社会福祉法人豊前たけのこ会,グループホームあすなろ館,825-0002,,福岡県田川市大字伊田１１９９番地５,,0947-72-7599,0947-72-7557,2006/10/1
4025600042,医療法人和光会,グループホーム　あゆみハイツ,825-0004,,福岡県田川市夏吉１５１,,0947-42-7739,0947-42-7739,2006/10/1
4025600059,医療法人昌和会,精神障害者グループホームであい,826-0041,,福岡県田川市弓削田１１４７番地１,,0947-44-0924,0947-46-3090,2006/10/1
4025700016,社会福祉法人　愛光会,第一清浄ホーム,820-0201,,福岡県嘉麻市漆生１０６１番地５,,0948-42-4350,0948-42-1023,2006/10/1
4025700024,社会福祉法人　翼会,とうきびの家,820-0504,,福岡県嘉麻市下臼井９９６－４,,0948-62-5500,0948-62-4500,2006/10/1
4026100026,社会福祉法人桃李会,つくしんぼ,811-4312,,福岡県遠賀郡遠賀町浅木３丁目１８番３９号,,093-293-3540,093-293-3540,2006/10/1
4026400012,社会福祉法人北九州市手をつなぐ育成会,グループホーム支援センター中部,804-0064,,福岡県北九州市戸畑区沖台二丁目４番８号,,093-873-2111,093-873-7045,2006/10/1
4026400020,社会福祉法人あかつき会,グループホーム枝光,805-0002,,福岡県北九州市八幡東区枝光四丁目４番３９号,,080-5244-2880,,2006/10/1
4026700023,社会福祉法人北九州市福祉事業団,こいけホーム,807-1121,,福岡県北九州市八幡西区石坂二丁目５番２２号,,093-619-0010,093-619-0011,2006/10/1
4027300021,社会福祉法人　徳信会,かつやまの里,824-0802,,福岡県京都郡みやこ町勝山松田９１２－１１０,,0930-32-4420,0930-32-4421,2006/10/1
4027400037,社会福祉法人　周防学園,ラポールすおう,828-0052,,福岡県豊前市大字塔田５８９－１,,0979-82-1305,0979-82-1338,2006/10/1
4027400060,社会福祉法人　敬愛会,共同生活ホーム　あすなろ荘,828-0048,,福岡県豊前市大字久路土１４９１－１,,0979-83-0357,0979-83-0353,2006/10/1
4027600032,医療法人豊司会,グループホームいこいの家,800-0102,,福岡県北九州市門司区大字猿喰６２９番地８,,093-481-0668,093-481-0668,2006/10/1
4027700014,医療法人小倉蒲生病院,グループホームひまわり荘,802-0971,,福岡県北九州市小倉南区守恒本町二丁目１６番２３号,,093-963-2374,093-961-3239,2006/10/1
4020200046,医療法人　済世会,グループホーム白百合荘,813-0043,,福岡県福岡市東区名島４丁目２７－２,,092-681-5231,092-672-1525,2006/10/1
4020200038,医療法人　山水会,グループホーム　コーポかしい,813-0011,,福岡県福岡市東区香椎１－１１－７,,092-661-1083,092-661-1084,2006/10/1
4020200020,社会福祉法人　ほっと福祉会,グループホーム　四季の家,811-0202,,福岡県福岡市東区和白1-9-23,,092-608-2880,092-608-2880,2006/10/1
4020200012,社会福祉法人　秀宝会,パティオ　西戸崎,811-0321,,福岡県福岡市東区西戸崎6-2-25,,092-603-9101,092-603-9101,2006/10/1
4020100030,社会福祉法人　ＪＯＹ明日への息吹,ＪＯＹホーム,812-0002,,福岡県福岡市博多区空港前３丁目２２－３３テラハウス空港前,,092-629-0300,092-629-0300,2006/10/1
4020100014,NPＯ法人地域生活サポート倶楽部とむ,とむホーム,812-0020,,福岡県福岡市博多区対馬小路10-18,,092-262-7170,092-262-7170,2006/9/1
4020800019,社会福祉法人　風,グループホームあおぞら,810-0011,,福岡県福岡市中央区高砂２－１３－１５,,092-531-2158,092-531-2158,2006/5/1
4021800018,社会福祉法人　宰府福祉会,寺内ホーム アンダンテ,816-0952,,福岡県大野城市下大利２－１８－２６,,092-572-9753,092-572-9753,2006/4/1
4022000014,社会福祉法人　悲田院,日明ホーム,819-1153,,福岡県糸島市長野1545番地15,,092-323-4711,092-323-4712,2006/4/1
4022300034,社会福祉法人　桜園,ほがらかホーム,833-0053,,福岡県筑後市大字西牟田字三郎丸６０３２番地１,,0942-53-8342,0942-53-9733,2006/4/1
4022700068,社会福祉法人　八千代会,グループホーム　むぎっ子ハウス,839-1223,,福岡県久留米市田主丸町以真恵２５９－２０７,,0943-72-1781,0943-72-1782,2006/4/1
4025200025,社会福祉法人ひなの家,障害福祉サービス事業所ホームファイト,820-0607,,福岡県嘉穂郡桂川町大字土師３２６７番地１,,0948-65-5085,0948-65-5087,2006/4/1
4025500051,社会福祉法人　和光会,そよかぜ,820-0101,,福岡県飯塚市綱分７１３－６２,,0948-82-1350,0948-82-1350,2006/4/1
4025600034,社会福祉法人ほのぼの福祉会,ほのぼのの家グループホーム凸凹,826-0041,,福岡県田川市弓削田866-4,,0947-42-8076,0947-42-8076,2006/4/1
4026500019,社会福祉法人高須会,共同生活援助こもれびホーム,808-0144,,福岡県北九州市若松区高須東三丁目８番１６号,,093-742-5520,093-742-5530,2006/4/1
4026700015,特定非営利活動法人北九州精神障害者福祉会連合会,グループホーム第一力丸サンハイツ,807-0802,,福岡県北九州市八幡西区力丸町８番１８－２０１号,,093-691-8803,093-691-8803,2006/4/1
4027200015,社会福祉法人　光輪会,ひまわり寮,871-0925,,福岡県築上郡上毛町百留２８０番地,,0979-72-2181,0979-72-4241,2006/4/1
4027300013,社会福祉法人　光和苑,いなみつ,800-0337,,福岡県京都郡苅田町大字稲光１４４２,,0930-22-8681,0930-23-8347,2006/4/1
4027400029,社会福祉法人　恵光園,恵光園グループホーム,828-0061,,福岡県豊前市大字荒堀３６－１８,,0979-82-2676,0979-82-9319,2006/4/1
4027600016,医療法人社団松和会,松和会自立支援事業所,800-0112,,福岡県北九州市門司区大字畑３５５番地２,,093-481-1281,093-481-7069,2006/4/1