申請者－名称,事業所－名称,事業所－郵便番号,事業所－住所,事業所－電話番号,事業所－FAX番号,サービス種類,事業所番号,指定年月日,廃止年月日,失効年月日
Ｉｎｆｉｎｉ株式会社,ここしあ,655-0006,兵庫県神戸市垂水区本多聞３丁目５-20-502,078-742-9450,078-742-9451,共同生活援助,2820800155,2021/12/1,,
ケアウィッシュ株式会社,グループホーム　ティップス西宮,663-8174,兵庫県西宮市甲子園四番町5番25号,080-4063-5711,050-3588-8286,共同生活援助,2820900351,2021/11/1,,
特定非営利活動法人三田市手をつなぐ育成会,ホームウッディ,669-1313,兵庫県三田市福島土地区画整理事業７街区－１,079-563-2933,079-563-2933,共同生活援助,2821200058,2021/11/1,,
レジリ合同会社,すてっぷホーム,669-3309,兵庫県丹波市柏原町柏原130-2,0795-78-9582,0795-78-9582,共同生活援助,2821300080,2021/11/1,,
有限会社ワイズケア,グループホーム　リエンド明石,674-0074,兵庫県明石市魚住町清水２１５５,078-995-8746,078-995-8747,共同生活援助,2822000218,2021/11/1,,
合同会社光陽企画,グループホームはこぶね,661-0033,兵庫県尼崎市南武庫之荘８丁目９番１３号,06-6437-5028,06-6437-5028,共同生活援助,2823000423,2021/11/1,,
一笑健命株式会社,フェリーチェ　野里,670-0811,兵庫県姫路市野里913番地1,079-263-8513,079-244-1195,共同生活援助,2824000380,2021/11/1,,
一般社団法人障害者自立支援センター,よつば郷,671-0243,兵庫県姫路市四郷町本郷150-1-A,0120-540-209,0791-62-5667,共同生活援助,2824000398,2021/11/1,,
特定非営利活動法人そら,ハニーサックル,669-5372,兵庫県豊岡市日高町栗栖野150-1,0796-20-2459,0796-20-2459,共同生活援助,2824400119,2021/10/15,,
株式会社甲南堂アニフルパートナーズ,アニフルメゾン矢問,666-0131,兵庫県川西市矢問２丁目５－２０,072-767-6591,072-767-6592,共同生活援助,2823100157,2021/10/1,,
株式会社ジー・ワイ・リアルエステート,ソアビータ,651-2116,兵庫県神戸市西区南別府１－18－16,078-975-7705,078-975-7705,共同生活援助,2825200229,2021/10/1,,
株式会社ミライエ,ぱあとなあ,675-0016,兵庫県加古川市野口町長砂747-9,079-455-7492,075-455-7492,共同生活援助,2822200156,2021/9/1,,
株式会社結,１ｓｔぷれいす塚口,661-0979,兵庫県尼崎市上坂部２－１４－２６,06-7777-1408,06-7777-1408,共同生活援助,2823000415,2021/9/1,,
Ａｓ　ｙｏｕ株式会社,Ａｓ　ｙｏｕ西飾磨,672-8084,兵庫県姫路市飾磨区英賀清水町2丁目31,079-258-7299,079-258-7299,共同生活援助,2824000372,2021/9/1,,
社会福祉法人　シャローム福祉会,グループホーム・シャローム,653-0002,兵庫県神戸市長田区六番町７丁目２-９,078-955-8852,078-955-8852,共同生活援助,2820600134,2021/8/1,,
合同会社リオ・プログレス,あにもの里宝塚,665-0866,兵庫県宝塚市星の荘２３－１１,090-8233-4828,,共同生活援助,2821100191,2021/8/1,,
株式会社ＫＮＧ,クロス,651-1112,兵庫県神戸市北区鈴蘭台東町八丁目11番５号,078-219-6583,078-219-6583,共同生活援助,2825000306,2021/8/1,,
一般社団法人ＡＣＣＥＳＳ,アクセスホーム,651-2113,兵庫県神戸市西区伊川谷町有瀬943－１　アーバンエース西神戸パル２階,078-585-7287,078-585-7287,共同生活援助,2825200211,2021/8/1,,
合同会社エンゼル,エール,653-0856,兵庫県神戸市長田区高取山町一丁目５番６号,078-647-8058,078-647-8068,共同生活援助,2820600126,2021/7/1,,
Next Smiley株式会社,スマイリーハウス西二見,674-0094,兵庫県明石市二見町西二見157-18,078-771-2730,078-771-2730,共同生活援助,2822000200,2021/7/1,,
株式会社ラシエル,グループホームRASIEL仁豊野,670-0801,兵庫県姫路市仁豊野943番地277,079-264-7780,079-264-7781,共同生活援助,2824000356,2021/7/1,,
株式会社れいわホワイトナイトホールディングス,レホナ姫路,671-1107,兵庫県姫路市広畑区西蒲田358-5,079-280-4813,079-280-4831,共同生活援助,2824000364,2021/7/1,,
株式会社進藤ライフデザイン,グループホームけやき,651-2133,兵庫県神戸市西区枝吉1-101玉津南高層団地１号棟211号室,078-202-8347,078-202-8346,共同生活援助,2825200203,2021/7/1,,
特定非営利法人はなのいえ,グループホームはなの家　ひろさか,671-1571,兵庫県揖保郡太子町広坂６０７－１,079-228-2828,079-228-2826,共同生活援助,2824100032,2021/6/15,,
社会福祉法人ひょうご聴覚障害者福祉事業協会,神戸平野ふくろうの樹,652-0061,兵庫県神戸市兵庫区石井町６丁目５番地14,078-599-7944,078-599-7944,共同生活援助,2820500045,2021/6/1,,
株式会社Ｌｉｔ,Ｌｉｔ,653-0827,兵庫県神戸市長田区上池田三丁目３番33号,078-621-9696,078-621-9696,共同生活援助,2820600118,2021/6/1,,
株式会社こども未来研究所,グループホームわおん　甲陽園,662-0016,兵庫県西宮市甲陽園若江町1-25,0798-74-5228,0798-74-5228,共同生活援助,2820900344,2021/6/1,,
以和為貴合同会社,以和為貴宝夢,665-0807,兵庫県宝塚市長尾台２丁目１６－１９,090-8232-9559,020-4668-9640,共同生活援助,2821100183,2021/6/1,,
株式会社Ｏ’ｓ　Ｂｉｚ,フロース,674-0067,兵庫県明石市大久保町大久保町676番地3号,050-3204-2530,,共同生活援助,2822000192,2021/6/1,,
特定非営利活動法人みどり会,ＣＡＮＯＷ,679-1336,兵庫県多可郡多可町加美区杉原９０番地,0795-36-1080,0795-20-1675,共同生活援助,2822700056,2021/6/1,,
合同会社仁,＃ウィル,661-0022,兵庫県尼崎市尾浜町１－７－９,06-7506-2114,06-7635-8514,共同生活援助,2823000407,2021/6/1,,
特定非営利活動法人Ｋ.Ｏ.Ｂ.Ｅ,グループホームＥＬＭＯ,653-0022,兵庫県神戸市長田区東尻池町１丁目10番16号,078-381-5315,078-381-5315,共同生活援助,2820600100,2021/5/1,,
株式会社ハピネス,ハピネスホーム,651-2117,兵庫県神戸市西区北別府３丁目1501－１,078-585-8727,078-585-8727,共同生活援助,2820800148,2021/5/1,,
社会福祉法人緑樹福祉会,ファミリア,678-0255,兵庫県赤穂市新田字五ノ前906番1,0791-56-6560,0791-56-6560,共同生活援助,2824300046,2021/5/1,,
株式会社ＥＯＭＧジャパン,かがやきホーム,651-1141,兵庫県神戸市北区泉台７丁目９－７,078-597-8462,078-597-8463,共同生活援助,2825000298,2021/5/1,,
株式会社ＳＡＩ健康管理,グループホーム彩華,651-2121,兵庫県神戸市西区玉津町水谷39番９号,078-965-7055,078-965-7055,共同生活援助,2825200195,2021/5/1,,
株式会社ＲＥＨＡ･ＬＩＢＥＲＯ,スマイラルホーム　リハ・リハ,654-0012,兵庫県神戸市須磨区飛松町２丁目５－17,078-739-1410,078-739-1411,共同生活援助,2820700157,2021/4/1,,
社会福祉法人神戸聖隷福祉事業団,グループホーム　のぞみ,654-0142,兵庫県神戸市須磨区友が丘１丁目１番地　神戸聖隷オアシス３階,078-786-3030,078-786-3030,共同生活援助,2820700165,2021/4/1,,
株式会社浪速興産,プラーナリゾート,656-2331,兵庫県淡路市仮屋381,0799-64-7575,0799-64-7577,共同生活援助,2821600067,2021/4/1,,
一般社団法人　彩晴,グル－プホ－ムるちあ,673-0424,兵庫県三木市自由が丘本町二丁目３６６番,0794-88-6898,0794-61-1002,共同生活援助,2822300105,2021/4/1,,
社会福祉法人ヘルプ協会,グループホームの～さいど,664-0836,兵庫県伊丹市北本町２丁目７９－２,072-779-5358,072-744-2388,共同生活援助,2823300211,2021/4/1,,
一般社団法人関西総合研究所,ネストプラス網干,671-1234,兵庫県姫路市網干区新在家1422番地11　1-F,079-263-8355,079-263-8357,共同生活援助,2824000323,2021/4/1,,
社会福祉法人姫路睦福祉会,朝日ノ里グループホーム絆,671-1204,兵庫県姫路市勝原区朝日谷４６番地１,079-272-5212,079-273-6016,共同生活援助,2824000331,2021/4/1,,
社会福祉法人神戸聖隷福祉事業団,グループホームめぐみ,669-5252,兵庫県朝来市和田山町竹田字外川原２４８６番地１９、８７,079-668-9102,079-668-9103,共同生活援助,2824900035,2021/4/1,,
一般社団法人アフレル,カムオン春日野,651-0079,兵庫県神戸市中央区東雲通１丁目７－４,078-271-0123,078-330-3986,共同生活援助,2825100072,2021/4/1,,
合同会社Growing Seeds,グリーンネックレス,663-8184,兵庫県西宮市鳴尾町5丁目4-16,0798-78-2813,0798-78-2814,共同生活援助,2820900336,2021/3/1,,
合同会社ウェルネス,ハレルヤＬＩＦＥ,665-0875,兵庫県宝塚市中筋山手１丁目８－３３,0797-81-8770,0797-81-8770,共同生活援助,2821100175,2021/3/1,,
株式会社ベストスタッフ,障がい者グループホームゆず,671-1532,兵庫県揖保郡太子町糸井２９１－１,079-262-7606,079-262-7607,共同生活援助,2824100024,2021/3/1,,
社会福祉法人桑の実園福祉会,ｸﾞﾙｰﾌﾟﾎｰﾑCampus,679-4171,兵庫県たつの市龍野町北龍野字新町379-1,0791-61-9043,0791-61-9044,共同生活援助,2823600123,2021/2/15,,
特定非営利活動法人神戸福祉事業支援友の会,ほたるの里　神戸須磨,654-0052,兵庫県神戸市須磨区行幸町１－１－35－202･302,078-585-5843,078-585-5843,共同生活援助,2820700140,2021/2/1,,
株式会社えがおくらぶ,わおん　えがおの家,669-1102,兵庫県西宮市生瀬町1丁目18-21,0797-98-2994,0797-98-2994,共同生活援助,2820900328,2021/2/1,,
アティック合同会社,サントリーニ,666-0006,兵庫県川西市萩原台西１丁目２３５－４,072-703-7282,072-344-5594,共同生活援助,2823100140,2021/2/1,,
社会福祉法人朝来市社会福祉協議会,あさごふれ愛の郷あおぞら,679-3431,兵庫県朝来市新井１番地１,079-677-1613,079-677-1689,共同生活援助,2824900027,2021/2/1,,
株式会社いろは,グループホームいろは,675-0027,兵庫県加古川市尾上町今福１９番地５,050-3189-0168,078-940-8297,共同生活援助,2822200149,2021/1/1,,
合同会社剛照,グループホーム　速玉,651-0079,兵庫県神戸市中央区東雲通１丁目４－18　303号,078-242-8260,078-242-8260,共同生活援助,2825100064,2021/1/1,,
特定非営利活動法人幸真会,陽明第１ホーム,666-0115,兵庫県川西市向陽台３丁目１１－６１　１階,072-703-6380,072-703-2126,共同生活援助,2823100124,2020/12/15,,
特定非営利活動法人幸真会,陽明第２ホーム,666-0115,兵庫県川西市向陽台３丁目１１－６１　２階,072-703-6380,072-703-2126,共同生活援助,2823100132,2020/12/15,,
社会福祉法人兵庫県社会福祉事業団,五色精光園日中サービス支援型共同生活援助事業所,656-0013,兵庫県洲本市下加茂1丁目6-63,0799-38-4192,0799-38-4193,共同生活援助,2821500069,2020/12/1,,
特定非営利活動法人創作工房ゆう,グループホームゆう,670-0083,兵庫県姫路市辻井７丁目２番１７号１,079-295-0518,079-295-0518,共同生活援助,2824000315,2020/12/1,,
株式会社やブさん,Ｒｉｎｇ,651-1112,兵庫県神戸市北区鈴蘭台東町二丁目11番３号,078-223-7466,078-223-7467,共同生活援助,2825000272,2020/12/1,,
株式会社ｒｉｓｅ,グループホーム　子ぶた,651-1113,兵庫県神戸市北区鈴蘭台南町７丁目12－30,078-907-6366,078-907-6399,共同生活援助,2825000280,2020/12/1,,
グリ－ンウィンド合同会社,イエロ－リ－フ,673-0553,兵庫県三木市志染町東自由が丘３丁目３５０号,0794-70-9027,0794-70-9027,共同生活援助,2822300097,2020/11/15,,
合同会社KIZUNAの友,HOME　KIZUNA,663-8004,兵庫県西宮市下大市東町14-21,070-1774-9625,06-6428-0334,共同生活援助,2820900302,2020/11/1,,
なごしや合同会社,グッディコウシエングループホーム,663-8172,兵庫県西宮市甲子園二番町7-21,0798-78-2616,0798-78-2615,共同生活援助,2820900310,2020/11/1,,
特定非営利活動法人訪問介護ハバナケア,グループホームはばなけあ高畑,675-0103,兵庫県加古川市平岡町高畑字王子岡１３７番地の１,079-490-3674,079-490-3675,共同生活援助,2822200131,2020/11/1,,
株式会社スターシップ,グループホームアクシズ,660-0893,兵庫県尼崎市西難波町５丁目３番６号,06-7164-0976,06-7164-0976,共同生活援助,2823000399,2020/11/1,,
アビリティ株式会社,おりーぶ堀池,664-0871,兵庫県伊丹市堀池１丁目６－１０,072-744-6210,072-744-6213,共同生活援助,2823300203,2020/11/1,,
株式会社ラシエル,フレンディアメゾン白浜町,672-8023,兵庫県姫路市白浜町丙４９３番地３,079-287-8596,079-287-8597,共同生活援助,2824000307,2020/11/1,,
特定非営利活動法人はっち,ホームはっち,651-1312,兵庫県神戸市北区有野町有野字中山2115,078-597-6802,078-597-6802,共同生活援助,2825000264,2020/11/1,,
合同会社おひさま,グループホームBeans,663-8104,兵庫県西宮市天道町16-4,0798-55-8818,0798-55-8773,共同生活援助,2820900294,2020/10/1,,
合同会社kayak,かころは,675-0011,兵庫県加古川市野口町北野1161番地10,080-6818-1992,079-498-1245,共同生活援助,2822200123,2020/10/1,,
ソーシャルインクルー株式会社,ソーシャルインクルーホーム播磨町,675-0154,兵庫県加古郡播磨町本荘2丁目4-6,079-451-5607,079-451-5608,共同生活援助,2822800062,2020/10/1,,
株式会社Mana Lea,グループホーム　Lea,655-0044,兵庫県神戸市垂水区舞子坂３丁目17-２　奥の池ハイム112号,078-742-6166,078-742-6166,共同生活援助,2820800130,2020/9/1,,
一般社団法人かがやき,オラフルかわも,665-0842,兵庫県宝塚市川面３丁目１１－１３－１,0797-97-0618,072-756-0372,共同生活援助,2821100167,2020/9/1,,
特定非営利活動法人Present Garden to,Present　Garden　tree,673-0862,兵庫県明石市松が丘1丁目2番県営明石松が丘住宅2号棟513（514）,078-785-1516,078-785-1539,共同生活援助,2822000176,2020/9/1,,
医療法人社団奉志会,Hinode-Waonシェアホーム別府,675-0122,兵庫県加古川市別府町別府９６１－１９,079-451-5511,079-451-5522,共同生活援助,2822200107,2020/9/1,,
社会福祉法人のじぎく福祉会,障がい者ケアセンターかんの,675-0003,兵庫県加古川市神野町神野１５６－２９,079-438-8577,079-438-8566,共同生活援助,2822200115,2020/9/1,,
一般社団法人ライフサポートあんよ,あんよハウス南甲子園2,663-8113,兵庫県西宮市甲子園口三丁目29-27　Vamosビル3階,0798-65-3177,,共同生活援助,2820900286,2020/8/15,,
株式会社エヌ・ビー,N.Bハウス,663-8184,兵庫県西宮市鳴尾町4丁目12-13,0798-34-3530,0798-34-3530,共同生活援助,2820900278,2020/8/1,,
合同会社末広,ぼちぼち緑ヶ丘ホーム,664-0012,兵庫県伊丹市緑ケ丘５丁目１２４－１－２０１,072-714-3063,072-784-7666,共同生活援助,2823300195,2020/8/1,,
社会福祉法人新緑福祉会,フルール西鈴蘭台,651-1131,兵庫県神戸市北区北五葉１丁目３－６,078-596-6091,078-596-6091,共同生活援助,2825000256,2020/8/1,,
株式会社Ｔｈｉｓ,グループホーム ＳＴＡＲＴ ＨＯＵＳＥ,660-0892,兵庫県尼崎市東難波町２丁目８番２８号,06-6439-7039,06-6439-7028,共同生活援助,2823000373,2020/7/1,,
有限会社ソワカ,まんまる,661-0035,兵庫県尼崎市武庫之荘３丁目８番４号,06-7182-1847,06-7182-1847,共同生活援助,2823000381,2020/7/1,,
社会福祉法人北須磨保育センター,グループホーム北須磨 だんだん,654-0142,兵庫県神戸市須磨区友が丘２丁目194-１,078-742-7105,078-742-7105,共同生活援助,2820700132,2020/6/1,,
あすなろの森合同会社,だんらんグループホーム,673-0029,兵庫県明石市大道町1丁目17-4,078-915-8889,078-928-4191,共同生活援助,2822000168,2020/6/1,,
特定非営利活動法人　そよかぜねっと,そよかぜはうす,673-0521,兵庫県三木市志染町青山1丁目1-9,0794-70-7443,0794-70-7443,共同生活援助,2822300089,2020/6/1,,
特定非営利活動法人アバンセ,ａｉａｉ　ｈｏｍｅ,660-0865,兵庫県尼崎市西桜木町１０－１０,06-7712-6158,06-7712-6158,共同生活援助,2823000365,2020/6/1,,
株式会社あすむか,ミューズ川西,666-0111,兵庫県川西市大和東１丁目１５－７,072-703-0781,072-344-5277,共同生活援助,2823100116,2020/6/1,,
社会福祉法人すみれ会,筑紫が丘すみれホーム,651-1212,兵庫県神戸市北区筑紫が丘３丁目16-14,078-595-8899,078-595-8899,共同生活援助,2825000231,2020/6/1,,
一般社団法人ダルクヴィレッジ,リカバリーホーム,654-0121,兵庫県神戸市須磨区妙法寺字兀山19-44,078-647-7744,078-647-7744,共同生活援助,2820700124,2020/5/1,,
ホーネスト株式会社,ララ安倉中,665-0822,兵庫県宝塚市安倉中４丁目１４－１４,0797-75-2147,0797-75-0579,共同生活援助,2821100159,2020/5/1,,
合同会社ＹＵＴＡＫＡ,ホームＹＵＴＡＫＡ堀池,664-0871,兵庫県伊丹市堀池３丁目１０－１９,072-767-1823,072-767-1823,共同生活援助,2823300187,2020/5/1,,
株式会社スマイル・ライフ,グループホーム音の羽,651-1132,兵庫県神戸市北区南五葉３丁目６-10,078-595-8838,078-595-8837,共同生活援助,2825000249,2020/5/1,,
特定非営利活動法人虹の会工房,虹の会工房,679-0303,兵庫県西脇市黒田庄町前坂2107－1,0795-28-5128,,共同生活援助,2821800014,2020/4/1,,
一般社団法人ビオトープの会,ビオホーム,675-0044,兵庫県加古川市西神吉町大国２３４－６,079-440-7654,079-440-7654,共同生活援助,2822200081,2020/4/1,,
社会福祉法人コロロ学舎加古川,風翠,675-0321,兵庫県加古川市志方町志方町１６１１－２,079-453-2221,079-453-2220,共同生活援助,2822200099,2020/4/1,,
株式会社みらい,グループホームみらい,675-0145,兵庫県加古郡播磨町宮西１－２３－１１,079-441-1360,079-441-1361,共同生活援助,2822800047,2020/4/1,,
社会福祉法人祉栄会,プレジールいなみ,675-1105,兵庫県加古郡稲美町加古字北新田南７７０番１,079-451-7522,079-451-7566,共同生活援助,2822800054,2020/4/1,,
阪神福祉企画株式会社,ＰｕｒａＶｉｄａ ＪＲ尼崎,661-0978,兵庫県尼崎市久々知西町１－１０－３　第５ヨシダビルＪＲ尼崎,06-6424-2686,06-6424-2679,共同生活援助,2823000357,2020/4/1,,
特定非営利活動法人あんさんぶる,あんさんぶるしゃるーる,664-0001,兵庫県伊丹市荒牧４丁目６－９,072-782-1639,072-782-1639,共同生活援助,2823300179,2020/4/1,,
特定非営利活動法人みんなのいえ,かめハウス,671-1621,兵庫県たつの市揖保川町正條9-21,0791-72-9972,0791-72-9972,共同生活援助,2823600115,2020/4/1,,
株式会社　LIVE WELL,日中サービス支援型グループホーム Delight香住山手,669-6547,兵庫県美方郡香美町香住区山手１１３番地,0796-20-2634,0796-20-2635,共同生活援助,2824700021,2020/3/31,,
株式会社ナチュラル,えにぐま,663-8011,兵庫県西宮市樋ノ口町1-12-24,0798-20-4051,0798-20-4051,共同生活援助,2820900260,2020/3/15,,
株式会社和,リアン,651-0054,兵庫県神戸市中央区野崎通４丁目２番３号　202号室,078-779-4281,078-779-4281,共同生活援助,2825100056,2020/3/1,,
株式会社ビオネスト,グループホームＲＡＳＩＥＬ舞多聞,655-0051,兵庫県神戸市垂水区舞多聞西六丁目１番５号,078-742-7187,078-742-7188,共同生活援助,2820800122,2020/2/1,,
株式会社れいわホワイトナイトホールディングス,レホナ加古川,675-0131,兵庫県加古川市別府町新野辺５２２－６,079-451-5658,079-451-5659,共同生活援助,2822200073,2020/2/1,,
日本福祉支援株式会社,Ｌｉｋｅ Ｍｅ尼崎,660-0074,兵庫県尼崎市琴浦町２３番地,06-6439-7080,06-6439-7002,共同生活援助,2823000332,2020/2/1,,
アットビーボ株式会社,カランドリエ尼崎,661-0013,兵庫県尼崎市栗山町２－２１－４４,090-8983-4876,,共同生活援助,2823000340,2020/2/1,,
社会福祉法人いづみ福祉会,グループホームふれんど,679-2415,兵庫県神崎郡神河町福本中ノ町５２１番,0790-35-9100,0790-35-9100,共同生活援助,2823400029,2020/2/1,,
特定非営利活動法人Ｋ．Ｏ．Ｂ．Ｅ,グループホーム ｅｇａｏ,653-0022,兵庫県神戸市長田区東尻池町１丁目10番19号,078-515-6101,078-671-8756,共同生活援助,2820600092,2020/1/1,,
社会福祉法人神戸聖隷福祉事業団,グループホームアリエッタ北須磨,654-0133,兵庫県神戸市須磨区多井畑字渋人谷上６-９,078-647-7850,078-647-7850,共同生活援助,2820700108,2020/1/1,,
特定非営利活動法人音楽堂,グループホームあさぎり音楽堂,673-0866,兵庫県明石市朝霧町1-39-20（2階）,078-918-6528,078-939-2840,共同生活援助,2822000150,2020/1/1,,
株式会社ゼネラル・サポート,グループホーム ぱう,660-0893,兵庫県尼崎市西難波町３丁目１７－５,06-7172-4202,06-7221-2768,共同生活援助,2823000324,2020/1/1,,
合同会社小林,グループホームゆらの,664-0888,兵庫県伊丹市昆陽南３丁目１２－２１,072-746-3257,072-746-3257,共同生活援助,2823300153,2020/1/1,,
特定非営利活動法人縁,ＡＬＯＨＡ　ＨＯＵＳＥ,658-0083,兵庫県神戸市東灘区魚崎中町２-５-３-１,078-777-0102,078-777-0102,共同生活援助,2820100051,2019/12/1,,
介護ステーションすずらん株式会社,障害者グループホーム　kanoa home,662-0927,兵庫県西宮市久保町8-5,0798-55-9105,0798-58-1074,共同生活援助,2820900252,2019/12/1,,
株式会社れいわホワイトナイトホールディングス,レホナ明石大久保Ⅰ号館,674-0067,兵庫県明石市大久保町大久保町813-7,078-937-0798,078-937-0799,共同生活援助,2822000143,2019/11/1,,
合同会社　開智,グループホームかけはし,675-0053,兵庫県加古川市米田町船頭６５５,079-439-2007,079-439-2007,共同生活援助,2822200065,2019/11/1,,
合同会社ＹＵＴＡＫＡ,ホームＹＵＴＡＫＡ,664-0886,兵庫県伊丹市昆陽東６丁目８－４５,072-767-1350,072-767-1350,共同生活援助,2823300120,2019/11/1,,
チアホーム合同会社,チアホーム,664-0872,兵庫県伊丹市車塚３丁目２１－３,080-5366-1618,,共同生活援助,2823300138,2019/11/1,,
合同会社グループホーム晴,グループホーム晴,664-0897,兵庫県伊丹市桜ケ丘１丁目２－１,0120-790-833,0797-75-3570,共同生活援助,2823300146,2019/11/1,,
リノライフサポート株式会社,リノハウス勝原下太田,671-1201,兵庫県姫路市勝原区下太田６３３番地１６０,079-227-7587,079-227-7587,共同生活援助,2824000281,2019/11/1,,
株式会社ＴＮＣ,ミネットホーム,672-8001,兵庫県姫路市兼田８１３番地１２７,079-227-7368,079-227-3842,共同生活援助,2824000299,2019/11/1,,
社会福祉法人神戸聖隷福祉事業団,グループホーム南落合,654-0153,兵庫県神戸市須磨区南落合３丁目10-190-103号・104号,078-754-5573,078-754-5573,共同生活援助,2820700090,2019/10/1,,
有限会社ライフケア・サービスこころ,グループホームこころ,665-0864,兵庫県宝塚市泉町７－８泉町鉄筋１号棟１０６号,080-5712-0556,0797-71-3450,共同生活援助,2821100142,2019/10/1,,
特定非営利活動法人居場所,居場所ホーム,674-0051,兵庫県明石市大久保町大窪1651-8,078-935-7779,078-935-7780,共同生活援助,2822000135,2019/10/1,,
社会福祉法人蓮生会,たんぽぽ,661-0953,兵庫県尼崎市東園田町６丁目４９－１０,06-6498-1745,06-4960-4914,共同生活援助,2823000316,2019/10/1,,
株式会社ヘルスエール,ライフエール,666-0034,兵庫県川西市寺畑２丁目３－６－１０１,072-764-7919,072-764-7919,共同生活援助,2823100108,2019/10/1,,
社会福祉法人神戸あゆみの会,ホームのどか,651-2321,兵庫県神戸市西区神出町宝勢字大歳谷774-67,078-965-0137,078-965-3811,共同生活援助,2825200187,2019/10/1,,
株式会社ＧＭＲ,ボヌール,665-0806,兵庫県宝塚市ふじガ丘１５－２,072-744-3729,072-744-3739,共同生活援助,2821100126,2019/9/1,,
寿老恵合同会社,ケアホーム花みづ木,665-0823,兵庫県宝塚市安倉南２丁目３－１６,0797-98-2346,0797-98-2346,共同生活援助,2821100134,2019/9/1,,
特定非営利活動法人人優福祉会,オリーブ,651-2211,兵庫県神戸市西区押部谷町栄205番地の69,078-940-8555,078-940-8555,共同生活援助,2825200179,2019/9/1,,
株式会社ＴＮＫ,ケアホーム大谷町,653-0838,兵庫県神戸市長田区大谷町二丁目13番17号,078-647-9000,078-467-9002,共同生活援助,2820600084,2019/8/1,,
一般社団法人愛森会,障害者グループホーム愛の樹,663-8034,兵庫県西宮市長田町5-15　パセオ長田205号、206号,090-2598-8177,0798-27-5693,共同生活援助,2820900245,2019/8/1,,
社会福祉法人アミひめじ,ウェルフェアホーム　アミ,670-0887,兵庫県姫路市北平野南の町３番３４号,079-227-8898,079-227-8898,共同生活援助,2824000273,2019/8/1,,
一般社団法人無価宝珠会,りんでんの家,673-1313,兵庫県加東市永福５６０番地１３３,0795-20-6380,0795-47-1512,共同生活援助,2822500035,2019/7/1,,
社会福祉法人あすか会,ちゃのきのいえ,671-1511,兵庫県揖保郡太子町太田茶ノ木1751番７,079-275-1001,079-275-1001,共同生活援助,2824100016,2019/7/1,,
株式会社春夏秋冬ハートフル,春夏秋冬ハートフル,665-0043,兵庫県宝塚市高松町１６－１３,0797-20-1719,0797-20-0480,共同生活援助,2821100118,2019/6/1,,
ＮＰＯ法人ホザナ・ハウス,ホザナ・ホーム,658-0021,兵庫県神戸市東灘区深江本町３丁目５番６号２階３階,078-858-8566,078-385-3398,共同生活援助,2820100069,2019/5/1,,
株式会社ＳＫＫ,ランド,662-0928,兵庫県西宮市石在町3番22-2号,0798-61-1188,0798-61-1222,共同生活援助,2820900237,2019/5/1,,
社会福祉法人芦屋メンタルサポートセンター,ぷらんつ,659-0025,兵庫県芦屋市浜町６番９号,0797-26-8766,0797-26-8660,共同生活援助,2821000052,2019/5/1,,
一般社団法人Kanoa,カノアハウスⅠ,675-0141,兵庫県加古郡播磨町野添城二丁目５番５号,078-585-8752,078-585-8752,共同生活援助,2822800039,2019/5/1,,
社会福祉法人宍粟福祉会,グループホームほっこり,671-2573,兵庫県宍粟市山崎町今宿鴻野263番１,0790-62-6882,0790-62-6918,共同生活援助,2823800053,2019/5/1,,
株式会社松鶴,パインクレイン,654-0012,兵庫県神戸市須磨区飛松町三丁目6-14,078-754-6640,078-754-6642,共同生活援助,2820700082,2019/4/18,,
特定非営利活動法人いぶき,いぶきグループホーム,678-0051,兵庫県相生市那波大浜町１８－２４,0791-29-1616,0791-29-1616,共同生活援助,2824200048,2019/4/2,,
特定非営利活動法人ピコタン,グループホームピコタン,674-0064,兵庫県明石市大久保町江井島40-1　県営明石江井ヶ島鉄筋1号棟101号室,078-947-5848,078-201-1961,共同生活援助,2822000127,2019/4/1,,
ヘルスプロダクト株式会社,ヘルスプロダクトグループホーム,661-0033,兵庫県尼崎市南武庫之荘7丁目10番1号,06-7183-0022,06-7183-0022,共同生活援助,2823000308,2019/4/1,,
社会福祉法人いぼがわ福祉センター,共同生活援助・共同生活介護事業所たんぽぽ,671-1601,兵庫県たつの市揖保川町半田６０２番地１,0791-72-6655,,共同生活援助,2823600107,2019/4/1,,
社会医療法人寿栄会,グループホーム　鹿の子台,651-1514,兵庫県神戸市北区鹿の子台南町6丁目18 2号棟306号室,078-940-5773,078-940-5774,共同生活援助,2825000223,2019/4/1,,
Shine合同会社,グループホームDOBASHI,662-0873,兵庫県西宮市一ケ谷町1-62サンタクス西宮山手119,0798-20-4771,0798-20-4771,共同生活援助,2820900229,2019/2/1,,
株式会社フィールド,ふぃーるど米田新,676-0801,兵庫県高砂市米田町米田新２４６－５,079-440-7307,079-440-7307,共同生活援助,2822100059,2019/2/1,,
Ｍｉｘ　Ｈｅａｒｔ合同会社,Ｍｉｘ　Ｈｅａｒｔ　神戸１,652-0041,兵庫県神戸市兵庫区湊川町10丁目9-16,078-575-3001,078-945-8550,共同生活援助,2820500037,2018/12/1,,
ＳＫライフ合同会社,ＳＫホーム,662-0093,兵庫県西宮市西平町18番17号,0798-21-0515,0798-21-0515,共同生活援助,2820900211,2018/12/1,,
社会福祉法人山の子会,咲楽,659-0033,兵庫県芦屋市高浜町1番7号高浜町ライフサポートステーション2階,0797-31-3252,0797-31-3265,共同生活援助,2821000045,2018/12/1,,
株式会社ベンリー,共同生活援助事業所　すきっぷ,668-0807,兵庫県豊岡市山本字東投町２１０－１７,0796-24-2460,0796-24-8160,共同生活援助,2824400101,2018/8/1,,
株式会社ウエルネスコスモ,こすもグループホーム,671-2214,兵庫県姫路市西夢前台２丁目81番地 コスモハイツ赤柴,079-267-2311,079-267-2311,共同生活援助,2824000257,2018/7/1,,
合同会社ｉｓｓｏ,ケアホームｌｉｏｔ,653-0851,兵庫県神戸市長田区五位ノ池町三丁目７番１３号,078-224-0436,078-223-5025,共同生活援助,2820600076,2018/6/1,,
特定非営利活動法人ウェルネットさんだ,短期入所併設型グループホームポラリス,669-1316,兵庫県三田市上井沢４５－１,079-567-5104,079-567-5103,共同生活援助,2821200041,2018/6/1,,
鎮守の森株式会社,グループホーム霊仙,656-1732,兵庫県淡路市小田904,0799-70-4268,0799-70-4268,共同生活援助,2821600059,2018/6/1,,
Ｒｅクリエイト株式会社,グループホームりくりえいと,670-0935,兵庫県姫路市北条口３丁目３１－１,079-221-8017,079-244-1216,共同生活援助,2824000240,2018/6/1,,
社会福祉法人新緑福祉会,グループホームえみのき,651-1106,兵庫県神戸市北区しあわせの村1-20,078-743-1200,078-743-1201,共同生活援助,2825000215,2018/5/1,,
一般社団法人ピア・マリーナ,ピアライフ,655-0043,兵庫県神戸市垂水区南多聞台８丁目２３番３２－２階,078-798-6960,078-798-6960,共同生活援助,2820800114,2018/4/1,,
社会福祉法人明桜会,あいすくりーむの家,674-0051,兵庫県明石市大久保町大窪２７４６－１,078-224-5384,078-224-5389,共同生活援助,2822000119,2018/4/1,,
特定非営利活動法人川西市手をつなぐ育成会,地域生活支援かわにしホームたきやま,666-0002,兵庫県川西市滝山町７－７,072-786-9244,072-786-9244,共同生活援助,2823100090,2018/4/1,,
社会福祉法人コスモス福祉会,グループホームコスモス猪名川寮,666-0244,兵庫県川辺郡猪名川町上野字池尻２６－１,06-6386-0012,06-6386-0012,共同生活援助,2823200023,2018/4/1,,
有限会社おかあさん,あいおいGH,673-0552,兵庫県三木市志染町中自由が丘３丁目１０８,0794-88-6103,0794-88-6105,共同生活援助,2822300071,2018/3/1,,
社会福祉法人　ゆめさき会,ろはうす,671-2106,兵庫県姫路市夢前町莇野1772番1,079-336-2525,079-336-1122,共同生活援助,2824000232,2018/3/1,,
有限会社エイト,みらいのたね,658-0052,兵庫県神戸市東灘区住吉東町１丁目３－１１,078-891-5913,078-891-5909,共同生活援助,2820100044,2018/2/1,,
有限会社アイライフ,あじさいの家,674-0056,兵庫県明石市大久保町山手台1丁目41 大久保住宅16号棟107・108,078-935-0280,078-936-9895,共同生活援助,2822000101,2018/2/1,,
株式会社庵,ぱいん・ツリー,655-0013,兵庫県神戸市垂水区福田5丁目2-16,078-704-6088,078-755-0509,共同生活援助,2820800106,2018/1/1,,
ＩＲＦ合同会社,グループホームあさんて,662-0061,兵庫県西宮市松ケ丘町9番22号,0798-55-8306,0798-55-8306,共同生活援助,2820900203,2018/1/1,,
株式会社みずほ,ななつ星,669-2332,兵庫県篠山市北新町53-3,079-554-3488,079-554-3489,共同生活援助,2821400047,2017/12/1,,
特定非営利活動法人川西市手をつなぐ育成会,久代ハウス,666-0024,兵庫県川西市久代2丁目５－４０,072-757-5023,072-757-5023,共同生活援助,2823100082,2017/11/1,,
ＴＫＪ合同会社,ケアホーム実りの木,664-0001,兵庫県伊丹市荒牧６丁目２４－７,072-786-1888,072-786-1888,共同生活援助,2823300112,2017/10/15,,
社会福祉法人光朔会,グループホームオリンピアながみね,657-0068,兵庫県神戸市灘区篠原北町四丁目13番27号,078-221-7098,078-241-3745,共同生活援助,2820200034,2017/10/1,,
一般社団法人障がい者支援協会志明会,志明ハウス樋ノ口町,663-8011,兵庫県西宮市樋ノ口町1-10-39,0798-81-3030,0798-81-3030,共同生活援助,2820900187,2017/9/1,,
株式会社　Ｌ・Ｍ・Ｔ,グループホーム「～輝き～Kagayaki」,662-0035,兵庫県西宮市若松町3-8,0798-20-4514,0798-20-4514,共同生活援助,2820900195,2017/9/1,,
株式会社　リナリアン,ホーム　マリア,660-0892,兵庫県尼崎市東難波町５丁目５－５,06-7181-6452,06-7161-5057,共同生活援助,2823000282,2017/9/1,,
一般社団法人ＲＩＳＥ,ＧＨサンライズ,672-8088,兵庫県姫路市飾磨区英賀西町一丁目６０番地２,079-280-5960,079-280-5970,共同生活援助,2824000224,2017/9/1,,
特定非営利活動法人　淡路障害者連絡会,アミアミハウス,656-0021,兵庫県洲本市塩屋2丁目1番57号,0799-38-6688,0799-38-6688,共同生活援助,2821500051,2017/7/15,,
社会福祉法人クローバーの会,ホーム友が丘,654-0142,兵庫県神戸市須磨区友が丘5丁目5番地の160,078-795-5210,078-795-5210,共同生活援助,2820700074,2017/5/1,,
株式会社ステラマインド,ミューズ神戸,655-0853,兵庫県神戸市垂水区つつじが丘3丁目4-7,078-843-6119,078-242-7952,共同生活援助,2820800080,2017/5/1,,
社会福祉法人神戸聖隷福祉事業団,グループホームふくだ,655-0013,兵庫県神戸市垂水区福田1丁目12番22号,078-704-6606,078-704-6607,共同生活援助,2820800098,2017/5/1,,
社会福祉法人陽気会,みのたにホーム,651-1243,兵庫県神戸市北区山田町下谷上字芝山8番地アルタイル中上102,078-581-8722,078-581-8722,共同生活援助,2825000207,2017/5/1,,
一般社団法人ポータル,レミダン蓬川,660-0893,兵庫県尼崎市西難波町3丁目12-17,06-6411-8811,06-6417-2001,共同生活援助,2823000274,2017/4/1,,
社会福祉法人とよおか福祉会,社会福祉法人とよおか福祉会　グループホーム,668-0027,兵庫県豊岡市若松町５－２７,0796-37-8085,0796-37-8082,共同生活援助,2824400093,2017/4/1,,
アロー株式会社,和みの家,676-0076,兵庫県高砂市伊保崎1-7-26,079-448-6868,,共同生活援助,2822100042,2016/12/1,,
社会福祉法人はなさきむら,グループホームあさがお,671-2577,兵庫県宍粟市山崎町山崎313,090-9094-2388,0790-74-8001,共同生活援助,2823800046,2016/12/1,,
NPO法人ピアサポートひまわりの家,グループホームひろたけ,671-2575,兵庫県宍粟市山崎町山田242-1,0790-62-5996,,共同生活援助,2823800038,2016/11/1,,
特定非営利活動法人幸真会,大和西ホーム,666-0112,兵庫県川西市大和西１丁目５０－５,072-703-6380,072-703-2126,共同生活援助,2823100074,2016/10/1,,
合同会社福祉の家,あーちほーむ,674-0084,兵庫県明石市魚住町西岡1585-3,078-941-2850,078-941-2850,共同生活援助,2822000093,2016/8/15,,
合同会社あい,グループホームあい,672-8086,兵庫県姫路市飾磨区西浜町一丁目２３番地６,079-238-3770,079-238-3772,共同生活援助,2824000216,2016/8/1,,
医療法人社団東峰会,なのはなハウス,674-0074,兵庫県明石市魚住町清水631明石守池高層1号棟118,078-967-1202,078-969-1626,共同生活援助,2822000085,2016/7/1,,
社会福祉法人ぶったぁ福祉会,グループホームぶったぁ,656-2401,兵庫県淡路市岩屋488番地1,0799-70-6145,0799-70-4001,共同生活援助,2821600042,2016/6/1,,
株式会社ａｃｑｕｉｒｅ,恵の光　細田,653-0835,兵庫県神戸市長田区細田町3丁目1番20-2号,078-201-3975,078-201-3975,共同生活援助,2820600068,2016/5/1,,
特定非営利活動法人サニーサイド,ほっこり庵,661-0953,兵庫県尼崎市東園田町９－４０－５,06-6493-0355,06-6493-0455,共同生活援助,2823000266,2016/5/1,,
特定非営利活動法人はなのいえ,グループホームはなの家,671-2214,兵庫県姫路市西夢前台一丁目１０７番地,079-228-2828,079-228-2826,共同生活援助,2824000208,2016/5/1,,
特定非営利活動法人ウィズアス,ホーム　えほん,653-0834,兵庫県神戸市長田区川西通５丁目107-４,078-643-0120,078-643-0120,共同生活援助,2820600050,2016/4/1,,
社会福祉法人養徳会,障がい者生活援助センターようぼく,679-1111,兵庫県多可郡多可町中区鍛冶屋719-14,0795-32-3505,0795-30-2130,共同生活援助,2822700049,2016/4/1,,
一般社団法人暮らしの学校農楽,グループホームの～ら,668-0272,兵庫県豊岡市出石町鳥居７８５番地,0796-20-1295,0796-20-3295,共同生活援助,2824400085,2016/4/1,,
ＮＰＯ法人ぱれっと,グループホーム　ほわいと,651-2128,兵庫県神戸市西区玉津町今津579番4,078-911-9922,078-911-9922,共同生活援助,2825200161,2016/3/15,,
特定非営利活動法人子供たちの立場に立った保育を実践する会,波の家グループホーム,674-0084,兵庫県明石市魚住町西岡1874-2,078-995-5150,078-995-5150,共同生活援助,2822000077,2016/3/1,,
社会福祉法人神戸聖隷福祉事業団,グループホームたいのはた東,654-0134,兵庫県神戸市須磨区多井畑東町24-14,078-791-2001,078-795-0197,共同生活援助,2820700066,2016/2/1,,
社会福祉法人ゆうわ福祉会,すみれ荘,651-1113,兵庫県神戸市北区鈴蘭台南町5-3-20,078-593-7606,078-904-8019,共同生活援助,2825000199,2016/2/1,,
株式会社清和,グループホームカーネーション,665-0011,兵庫県宝塚市南口２丁目１－３９,0797-77-6630,0797-84-7527,共同生活援助,2821100100,2015/12/1,,
社会福祉法人みんなの労働文化センター,はらぺこ,661-0982,兵庫県尼崎市食満７丁目１０－１７,06-6497-3010,06-6497-2105,共同生活援助,2823000241,2015/10/1,,
社会福祉法人ヴィ・リール,ヴィ・リール生活支援センターケアホーム,661-0035,兵庫県尼崎市武庫之荘８丁目１３番４－１０２号,06-6436-0402,06-6436-0432,共同生活援助,2823000258,2015/10/1,,
一般社団法人五風会,ごふうホーム,660-0071,兵庫県尼崎市崇徳院２丁目１０９番地の２,06-6418-7727,06-6423-8738,共同生活援助,2823000233,2015/9/1,,
特定非営利活動法人　ラーフ・ウッド福祉会,ラーフの郷,679-2124,兵庫県姫路市豊富町甲丘一丁目１番地県営江鮒団地９棟１０１号,079-240-5308,079-240-5707,共同生活援助,2824000182,2015/9/1,,
特定非営利活動法人たつのGHO,グループホームＧｈｏ,679-4141,兵庫県たつの市揖保町栄92番地10,0791-67-1327,0791-67-1329,共同生活援助,2823600081,2015/8/1,,
株式会社マンジュリカ,グループホーム「vivid」,663-8184,兵庫県西宮市鳴尾町4丁目12-13,0798-41-2005,0798-41-2005,共同生活援助,2820900179,2015/6/1,,
特定非営利活動法人でかけ隊,そわか,668-0003,兵庫県豊岡市江野150,0796-24-1361,0796-24-1361,共同生活援助,2824400077,2015/5/15,,
社会福祉法人円勝会,ドリーム甲子園尼崎ホーム事業,660-0812,兵庫県尼崎市今福２－１１－３８,06-6401-1188,06-6401-1188,共同生活援助,2823000225,2015/4/1,,
社会福祉法人　ひびき福祉会,共同生活援助　ひびきdeほ～む,671-0255,兵庫県姫路市花田町小川657県営姫路花田鉄筋住宅1号棟103号、104号,079-280-2528,079-280-2528,共同生活援助,2824000166,2015/4/1,,
特定非営利活動法人ひかみボルゴベネッセレ,グループホームぴあ,669-3601,兵庫県丹波市氷上町成松字高畑500－7　氷上成松鉄筋団地2号棟104号,0795-82-0222,0795-82-0222,共同生活援助,2821300072,2014/11/1,,
阪神福祉企画株式会社,ＰｕｒａＶｉｄａ大物,660-0823,兵庫県尼崎市大物町１－５－２４　第３ヨシダビル阪神大物,06-6482-3066,06-6482-3066,共同生活援助,2823000209,2014/9/1,,
社会福祉法人さつき福祉会,グループホーム天満,667-0306,兵庫県養父市大屋町宮垣２２４－６７,079-663-8510,079-663-8050,共同生活援助,2824800029,2014/8/1,,
特定非営利活動法人おりーむ２１,ケア・サポートおりーむ２１,673-0038,兵庫県明石市別所町16-33,078-924-3625,078-924-3658,共同生活援助,2822000069,2014/7/15,,
一般社団法人近畿福祉会,近畿福祉会グループホームＨＹＯＧＯ,664-0008,兵庫県伊丹市荒牧南３丁目１７－３０,072-773-5137,072-773-5138,共同生活援助,2823300104,2014/7/1,,
社会福祉法人神戸聖隷福祉事業団,グループホームみなみたもん,655-0043,兵庫県神戸市垂水区南多聞台２丁目２番地 県営南多聞台第２鉄筋１号棟-201号、202号,078-784-7515,078-795-7515,共同生活援助,2820800072,2014/5/1,,
一般社団法人ＳＯＬＡ,そらいろホーム,665-0034,兵庫県宝塚市小林５丁目５－３０－１０２,0797-26-7216,0797-26-7216,共同生活援助,2821100092,2014/5/1,,
社会福祉法人くすのき会,ホーム佑友,651-1123,兵庫県神戸市北区ひよどり台5丁目7番地 64号棟506号室,078-591-8491,078-591-8494,共同生活援助,2825000181,2014/5/1,,
社会福祉法人神戸聖隷福祉事業団,ケアホームきたすま,654-0153,兵庫県神戸市須磨区南落合１丁目４番６号,078-793-5553,078-793-5553,共同生活援助,2820700017,2014/4/1,,
社会福祉法人円勝会,ドリーム甲子園ホーム事業,663-8143,兵庫県西宮市枝川町１７－４１,0798-42-6510,0798-42-6511,共同生活援助,2820900021,2014/4/1,,
社会福祉法人一羊会,山口町ホーム,651-1412,兵庫県西宮市山口町下山口１丁目１１－９－２０２・２０３,078-903-3039,078-903-3039,共同生活援助,2820900047,2014/4/1,,
特定非営利活動法人地域生活支援センターれん,ホーム創,663-8244,兵庫県西宮市津門綾羽町6-33,0798-22-5574,0798-22-5574,共同生活援助,2820900088,2014/4/1,,
特定非営利活動法人西宮がすきやねん,あおば生活ホーム,662-0032,兵庫県西宮市桜谷町１１－４７,0798-33-8220,0798-33-8221,共同生活援助,2820900153,2014/4/1,,
社会福祉法人三田谷治療教育院,グループホーム 燈,659-0015,兵庫県芦屋市楠町１５番２０号,0797-25-2080,0797-25-2081,共同生活援助,2821000029,2014/4/1,,
社会福祉法人芦屋みどり福祉会,芦屋みどりホーム,659-0021,兵庫県芦屋市春日町１８－１２,0797-34-9551,0797-34-9551,共同生活援助,2821000037,2014/4/1,,
特定非営利活動法人阪神・障害者人権ネットワーク,みんなの家,665-0823,兵庫県宝塚市安倉南２丁目１７－３エミネンス岡本２０１,0797-84-5111,0797-86-1356,共同生活援助,2821100068,2014/4/1,,
社会福祉法人尼崎武庫川園,こころ＆つばさ,665-0045,兵庫県宝塚市光明町２６－１６,0798-53-2307,0798-53-3830,共同生活援助,2821100084,2014/4/1,,
社会福祉法人　淡鳳会,ケアホームフローラなんだん,656-0516,兵庫県南あわじ市賀集福井2051-7,0799-50-2544,0799-50-2545,共同生活援助,2821700024,2014/4/1,,
社会福祉法人明桜会,やまゆりの家,674-0057,兵庫県明石市大久保町高丘3-3-1,078-934-6129,078-934-6129,共同生活援助,2822000044,2014/4/1,,
社会福祉法人祉栄会,ケアホームリノ加古川,675-0061,兵庫県加古川市加古川町大野字山ノ下８９１,079-422-4741,079-422-4791,共同生活援助,2822200032,2014/4/1,,
医療法人樹光会,こもれび,673-0404,兵庫県三木市大村字北山１０７４－１９０,0794-82-2173,0794-82-2173,共同生活援助,2822300048,2014/4/1,,
特定非営利活動法人三木市手をつなぐ育成会,れんげハウス,673-0405,兵庫県三木市平田５６４－１,0794-82-8780,0794-82-8780,共同生活援助,2822300063,2014/4/1,,
社会福祉法人　ゆたか会,大空,675-2103,兵庫県加西市鶉野町１１３２－１８,0790-21-9028,0790-21-9029,共同生活援助,2822600017,2014/4/1,,
社会福祉法人祉栄会,ラデュールいなみ,675-1122,兵庫県加古郡稲美町中村1393-79,079-496-5021,079-496-5022,共同生活援助,2822800021,2014/4/1,,
一般社団法人福祉心話会,しんわケアホーム事業,660-0075,兵庫県尼崎市大庄中通２丁目２３－２,06-6419-4367,06-6419-4368,共同生活援助,2823000100,2014/4/1,,
社会福祉法人地域共生スペースぷりぱ,ケアホームぷりぱ,661-0033,兵庫県尼崎市南武庫之荘１１－１－８,06-6433-2320,06-6415-6456,共同生活援助,2823000118,2014/4/1,,
一般社団法人福祉心話会,しんわ第２ホーム事業,660-0876,兵庫県尼崎市竹谷町１－１６,06-4869-5145,06-4869-5146,共同生活援助,2823000183,2014/4/1,,
社会福祉法人円勝会,社会福祉法人円勝会ドリーム甲子園川西ホーム事業,666-0129,兵庫県川西市緑台６丁目３－７,072-741-7871,072-759-0339,共同生活援助,2823100058,2014/4/1,,
特定非営利活動法人障害者地域生活応援団あかね,あかねホーム,666-0122,兵庫県川西市東多田１丁目５－１,072-792-6639,072-744-5822,共同生活援助,2823100066,2014/4/1,,
社会福祉法人いたみ杉の子,ウォークゆう,664-0888,兵庫県伊丹市昆陽南１丁目５－４３,072-777-7470,072-777-7472,共同生活援助,2823300021,2014/4/1,,
社会福祉法人協同の苑,わかば,664-0028,兵庫県伊丹市西野３丁目２４８県営西野第５住宅,072-777-2063,072-777-2063,共同生活援助,2823300062,2014/4/1,,
株式会社てとてと,てとてと共同生活援助事業所,664-0006,兵庫県伊丹市鴻池４丁目１０－１,072-779-3361,072-779-3361,共同生活援助,2823300088,2014/4/1,,
特定非営利活動法人手をつなぐ,ホームたんぽぽ,664-0028,兵庫県伊丹市西野３丁目２４８県営サンライフ伊丹１０４,072-744-7511,072-744-7512,共同生活援助,2823300096,2014/4/1,,
社会福祉法人愛心福祉会,共同生活援助うさぎとかめ,678-1262,兵庫県赤穂郡上郡町岩木甲６３９－１,0791-52-3959,0791-52-4167,共同生活援助,2823900010,2014/4/1,,
特定非営利活動法人暮らし支援センターかしのき,ＮＰＯ暮らし支援センターかしのき,671-2246,兵庫県姫路市打越魚ヶ鼻２４－３５,079-266-5153,079-266-5153,共同生活援助,2824000109,2014/4/1,,
社会福祉法人　姫路潮会,ケアホーム　きらめ樹・かがや樹,671-1241,兵庫県姫路市網干区興浜９０７番地１４２,079-272-0125,079-274-0487,共同生活援助,2824000141,2014/4/1,,
社会福祉法人　姫路睦福祉会,ケアホーム広畑の家,671-1116,兵庫県姫路市広畑区正門通四丁目１番地６,079-238-1126,079-238-1126,共同生活援助,2824000158,2014/4/1,,
認定NPO法人　はばたけ手をつなぐ育成会,ＯＨＡＮＡ,668-0063,兵庫県豊岡市正法寺５４２－１４,0796-34-6607,0796-34-9085,共同生活援助,2824400028,2014/4/1,,
社会福祉法人かるべの郷福祉会,かるべの郷グループホーム夢一,667-0115,兵庫県養父市上箇字宮ノ前　４３８－１,079-664-0450,079-664-0450,共同生活援助,2824800011,2014/4/1,,
特定非営利活動法人わいず,ケアホームわいず,651-1211,兵庫県神戸市北区小倉台４丁目１５－１５,078-582-3977,078-582-3977,共同生活援助,2825000108,2014/4/1,,
社会福祉法人恵泉寮,わかばホーム,651-1143,兵庫県神戸市北区若葉台1丁目1-6,078-591-1515,078-591-1516,共同生活援助,2825000116,2014/4/1,,
あん株式会社,さくら庵神戸邸,651-1221,兵庫県神戸市北区緑町2-1-16,078-581-0455,078-581-0455,共同生活援助,2825000173,2014/4/1,,
社会福祉法人あおぞら,ケアホームたけはし,651-2144,兵庫県神戸市西区玉津町小山５６１－１９,078-927-0964,078-927-0964,共同生活援助,2825200146,2014/4/1,,
株式会社いくせい,いくせい元気ホーム１番館,651-1113,兵庫県神戸市北区鈴蘭台南町6丁目13-9,078-958-4770,078-958-5177,共同生活援助,2825000165,2014/3/1,,
社会福祉法人 惠愛園,オレンジホーム西宮,651-1412,兵庫県西宮市山口町下山口966-1,078-903-3661,078-903-3665,共同生活援助,2820900161,2014/2/1,,
社会福祉法人ながたひろば,わっはの家,658-0052,兵庫県神戸市東灘区住吉東町3丁目1番9-3号,078-611-2246,078-647-8262,共同生活援助,2820100036,2014/1/1,,
NPO法人はりま福祉会,ハイツ山崎,671-2574,兵庫県宍粟市山崎町中広瀬２２－１,0790-62-8278,,共同生活援助,2823800020,2013/12/15,,
特定非営利活動法人すまいる,ホームひまわり,679-1135,兵庫県多可郡多可町中区安坂４７４－２,0795-32-0272,0795-32-0272,共同生活援助,2822700031,2013/11/1,,
社会福祉法人輝福祉会,明倫の郷　ケアホーム,660-0063,兵庫県尼崎市大庄北４－２３－３３,06-6439-6217,06-6418-8285,共同生活援助,2823000175,2013/10/1,,
社会福祉法人兵庫県社会福祉事業団,小野起生園共同生活援助事業所,675-1355,兵庫県小野市新部町１丁通１３２０,0794-66-6121,0794-66-6158,共同生活援助,2821900012,2013/9/1,,
特定非営利活動法人たつのおとしご,たつのおとしご１号館,679-4169,兵庫県たつの市龍野町大道６９３番地,0791-63-5858,0791-63-5858,共同生活援助,2823600073,2013/8/1,,
有限会社日和,シェアハウス　武庫の里,661-0041,兵庫県尼崎市武庫の里１丁目１９－６,06-6437-7559,06-4962-5770,共同生活援助,2823000167,2013/7/1,,
社会福祉法人いかり,ホームいかり,654-0155,兵庫県神戸市須磨区西落合４丁目１番235-404,078-651-1902,078-651-7802,共同生活援助,2820700058,2013/4/1,,
特定非営利活動法人セルフサポートいずし,久畑　希望ヶ丘,668-0373,兵庫県豊岡市但東町久畑３２７－１,0796-55-0701,,共同生活援助,2824400069,2013/4/1,,
特定非営利活動法人　こぐまくらぶ,こぐまホーム,655-0043,兵庫県神戸市垂水区南多聞台4丁目11-3-104,078-785-1300,078-785-1300,共同生活援助,2820800064,2013/3/1,,
合同会社生活サポート,尼崎高田住居,661-0963,兵庫県尼崎市高田町２－３４－２,070-5665-3545,,共同生活援助,2823000159,2013/3/1,,
特定非営利活動法人福祉苑リーベの会,グループホームレインボーハウス,673-0026,兵庫県明石市船上町８－３,078-923-0911,078-911-7851,共同生活援助,2822000051,2013/1/6,,
株式会社ネクステ,ネクステハウジング,669-3301,兵庫県丹波市柏原町南多田655番地5　305号,0795-80-2250,0795-80-1294,共同生活援助,2821300049,2013/1/1,,
特定非営利活動法人　権利擁護あさひ,自立の家　きずな,668-0221,兵庫県豊岡市出石町町分４９２－１,0796-20-3803,0796-52-6669,共同生活援助,2824400044,2013/1/1,,
社会福祉法人 フレンド,シャトレミノン,651-1111,兵庫県神戸市北区鈴蘭台北町７丁目２－２,078-593-7373,078-593-7373,共同生活援助,2825000157,2013/1/1,,
特定非営利活動法人神戸ぶどうの樹,長閑,655-0854,兵庫県神戸市垂水区桃山台1丁目17 県営桃山台第2鉄筋2号棟406号,078-753-6817,078-753-6817,共同生活援助,2820800056,2012/4/1,,
医療法人山伍会,ウェルネスホーム伍楽園,671-0122,兵庫県高砂市北浜町北脇９１１,079-254-6655,079-254-6631,共同生活援助,2822100034,2012/4/1,,
社会福祉法人もみじ会,かえでホーム,679-4341,兵庫県たつの市新宮町能地２４８－３,0791-75-2905,0791-75-3948,共同生活援助,2823600065,2012/4/1,,
社会福祉法人ひょうご障害福祉事業協会,グループホーム「楽」,671-4243,兵庫県宍粟市波賀町小野６０５－１,0790-75-2275,0790-75-2606,共同生活援助,2823800012,2012/4/1,,
社会福祉法人神戸聖隷福祉事業団,グループホームもみの木・グループホームかしの木,669-5221,兵庫県朝来市和田山町秋葉台１－９９,079-672-4265,079-672-4265,共同生活援助,2824900019,2012/4/1,,
医療法人実風会,ひまわりホーム,651-2124,兵庫県神戸市西区伊川谷町潤和字横尾２３８－４７５,078-919-1721,078-919-1722,共同生活援助,2825200153,2012/4/1,,
特定非営利活動法人ざくろ,ルナ,673-0424,兵庫県三木市自由が丘本町三丁目367,0794-82-8082,0794-84-2771,共同生活援助,2822300055,2012/3/31,,
医療法人敬愛会,ほおずき寮共同生活援助事業所,668-0065,兵庫県豊岡市戸牧1510-6,0796-29-1717,0796-24-6061,共同生活援助,2824400036,2012/3/31,,
社会福祉法人幸,ふぁみーゆ,671-1133,兵庫県姫路市大津区吉美７７１－６,079-272-8277,079-272-8277,共同生活援助,2824000133,2012/3/15,,
特定非営利活動法人稲美町つくしとすぎなの会,つくしの家,675-1105,兵庫県加古郡稲美町加古３６８５－３,079-492-7060,,共同生活援助,2822800013,2012/3/1,,
特定非営利活動法人わかば福祉会,わかばふれ愛ホーム,675-0025,兵庫県加古川市尾上町養田３５１－４,079-424-2002,079-424-2002,共同生活援助,2822200040,2012/2/1,,
特定非営利活動法人Ｇネット,ホームしおかぜ,655-0884,兵庫県神戸市垂水区城が山5丁目2-34 508号,078-752-5401,078-753-6029,共同生活援助,2820800049,2012/1/15,,
特定非営利活動法人兵庫虹の会,グループホームあすなろ,665-0821,兵庫県宝塚市安倉北１－２０２４－１１,0797-98-9497,0797-98-9497,共同生活援助,2821100076,2012/1/15,,
社会福祉法人しんじゅ,ホーリーハウス,654-0054,兵庫県神戸市須磨区須磨本町１丁目１－６,078-739-5390,078-739-5335,共同生活援助,2820700041,2011/9/15,,
社会福祉法人 淡路島福祉会,ボヌール 円行寺,656-0461,兵庫県南あわじ市市円行寺135-2,0799-42-2877,0799-42-2877,共同生活援助,2821700032,2011/9/1,,
特定非営利活動法人 海,ケアホーム宙,650-0025,兵庫県神戸市中央区相生町５丁目１２－１４,078-578-8234,078-578-8234,共同生活援助,2825100031,2011/9/1,,
有限会社コミュニティ・ライフサポートいずみ,泉台ホーム,651-1141,兵庫県神戸市北区泉台3丁目11-7,078-592-0555,078-592-0555,共同生活援助,2825000140,2011/6/1,,
特定非営利活動法人三田市手をつなぐ育成会,ホームフラワー,669-1544,兵庫県三田市武庫が丘１丁目１番地２－Ｄ－２０６号,079-559-2701,079-559-2701,共同生活援助,2821200033,2011/4/1,,
特定非営利活動法人すまみらい,風の家,654-0007,兵庫県神戸市須磨区宝田町３－３－２,078-733-1333,078-733-1333,共同生活援助,2820700033,2011/3/1,,
ＮＰＯ法人はりま福祉会,ハイツノバ田寺,670-0086,兵庫県姫路市田寺8丁目１３－４５,079-293-2665,079-293-2665,共同生活援助,2824000117,2010/9/15,,
特定非営利活動法人ひやしんす,さくらホーム,651-1333,兵庫県神戸市北区東大池2丁目5-17,078-981-5366,078-981-5366,共同生活援助,2825000132,2010/8/1,,
社会福祉法人一羊会,地域生活支援センター「ジョイント」ホーム事業課,662-0851,兵庫県西宮市中須佐町４－４,0798-22-6139,0798-22-6139,共同生活援助,2820900039,2010/4/1,,
特定非営利活動法人よつ葉会,クローバーホーム,660-0892,兵庫県尼崎市東難波町３丁目２１－１６,06-6487-0616,06-6487-0616,共同生活援助,2823000092,2010/4/1,,
社会福祉法人ユウカリ福祉会,せせらぎ,666-0246,兵庫県川辺郡猪名川町猪名川台２－３－１０,072-769-1186,072-769-1026,共同生活援助,2823200015,2010/4/1,,
社会福祉法人兵庫県社会福祉事業団,ひまわりの森　共同生活援助事業所,669-6543,兵庫県美方郡香美町香住区若松５４９－１,0796-36-3686,0796-36-3686,共同生活援助,2824700013,2010/4/1,,
社会福祉法人陽気会,おかばホーム,651-1313,兵庫県神戸市北区有野中町２丁目７－１５,078-981-8322,078-981-0825,共同生活援助,2825000124,2010/3/1,,
社会福祉法人シティライト,ホームシティライト,653-0862,兵庫県神戸市長田区西山町2丁目5-2,078-612-4150,078-612-4150,共同生活援助,2820600043,2009/9/1,,
社会福祉法人新緑福祉会,白川台ホーム,654-0103,兵庫県神戸市須磨区白川台２丁目３７－３　県営白川台鉄筋住宅２号棟７６号,078-797-8779,078-797-8779,共同生活援助,2820700025,2009/9/1,,
社会福祉法人でんでん虫の会,ケアホームあんも,673-1334,兵庫県加東市吉井777番地1,0795-46-1552,0795-46-1552,共同生活援助,2822500027,2009/9/1,,
社会福祉法人淡路市社会福祉協議会,淡路市社会福祉協議会ケアホーム,656-2163,兵庫県淡路市中田69-1,0799-62-0955,0799-62-0955,共同生活援助,2821600026,2009/4/1,,
社会福祉法人惠愛園,オレンジホーム姫路,672-8041,兵庫県姫路市三条町２丁目３５,079-234-0131,079-234-0138,共同生活援助,2824000091,2009/4/1,,
特定非営利活動法人　あきら多可,梅花荘,679-1107,兵庫県多可郡多可町中区奥中９７０番地９,0795-32-4599,0795-32-4599,共同生活援助,2822700023,2008/10/1,,
特定非営利活動法人ロータス会,ケアホームろーたす,661-0962,兵庫県尼崎市額田町１２－１１,06-6498-3211,06-4950-0746,共同生活援助,2823000050,2008/7/1,,
株式会社ほほえみ,ホームひだまり,664-0871,兵庫県伊丹市堀池４丁目７－１－２,072-781-6674,072-781-6674,共同生活援助,2823300054,2008/7/1,,
特定非営利活動法人　やちよ,こもれびの家,677-0121,兵庫県多可郡多可町八千代区中野間２７５－１１１・２７５－１１０,0795-37-2888,0795-37-2888,共同生活援助,2822700015,2008/4/1,,
社会福祉法人　加古川つつじの家福祉会,つつじの家ケアホーム中津,675-0068,兵庫県加古川市加古川町中津446,079-440-5529,079-440-5529,共同生活援助,2822200024,2008/1/1,,
社会福祉法人宝塚さざんか福祉会,さざんかグループホーム,665-0815,兵庫県宝塚市山本丸橋４丁目７６－１,0797-62-8211,0797-82-2030,共同生活援助,2821100050,2007/10/1,,
社会福祉法人福成会,セントラル,660-0893,兵庫県尼崎市西難波町２丁目２番１２号,06-4950-0244,06-4950-0245,共同生活援助,2823000043,2007/10/1,,
社会福祉法人まほろば,ホーム　にっこり,673-0552,兵庫県三木市志染町中自由が丘2丁目632,0794-83-3181,0794-83-3182,共同生活援助,2822300030,2007/9/15,,
社会福祉法人樅の木福祉会,グループホームえーる,651-2312,兵庫県神戸市西区神出町南619,078-964-2161,078-964-2166,共同生活援助,2825200070,2007/4/15,,
医療法人新淡路病院,オカピ,656-0015,兵庫県洲本市上加茂40-1,0799-22-2480,0799-22-2480,共同生活援助,2821500044,2007/4/1,,
特定非営利活動法人ＩＣＣＣ,カーサデどりー夢,664-0006,兵庫県伊丹市鴻池1丁目7番4-A423号,072-781-0226,,共同生活援助,2823300013,2007/4/1,,
社会福祉法人恩鳥福祉会,グループホーム元気,669-3309,兵庫県丹波市柏原町柏原１２６－５,0795-72-2724,0794-72-2724,共同生活援助,2821300023,2006/11/1,,
社会福祉法人新緑福祉会,神前ホーム,657-0052,兵庫県神戸市灘区神前町２丁目４－１４,078-801-8022,078-801-8022,共同生活援助,2820200018,2006/10/1,,
医療法人尚生会,ディアハウス,652-0006,兵庫県神戸市兵庫区神田町20-19,078-361-0152,,共同生活援助,2820500011,2006/10/1,,
社会福祉法人新緑福祉会,滝谷ホーム,653-0881,兵庫県神戸市長田区滝谷町１丁目１－１７,078-579-8511,078-579-8511,共同生活援助,2820600019,2006/10/1,,
社会福祉法人えんぴつの家,ホームえんぴつの家,653-0884,兵庫県神戸市長田区明泉寺町1-6-5,078-612-0380,078-612-0380,共同生活援助,2820600027,2006/10/1,,
社会福祉法人はっく兵庫,グループホーム　メゾン・ド・丸山,653-0874,兵庫県神戸市長田区西丸山町1-2-15,078-511-1102,078-511-1102,共同生活援助,2820600035,2006/10/1,,
社会福祉法人神戸信望愛の家,ハンナの家,655-0032,兵庫県神戸市垂水区星が丘3-1-14,078-706-3430,078-706-3430,共同生活援助,2820800015,2006/10/1,,
社会福祉法人ホーム塩屋,もも,655-0854,兵庫県神戸市垂水区桃山台4-2-21,078-751-3667,078-751-3667,共同生活援助,2820800023,2006/10/1,,
社会福祉法人神戸聖隷福祉事業団,グループホームせいれいやまて,655-0891,兵庫県神戸市垂水区山手８丁目３-12,078-751-9269,078-751-9269,共同生活援助,2820800031,2006/10/1,,
特定非営利活動法人NiCCL西宮暮らしやすい地域をめざす会,グループホーム和み,663-8023,兵庫県西宮市大森町1-25-401、403,0798-65-6579,0798-65-6579,共同生活援助,2820900062,2006/10/1,,
特定非営利活動法人すばる舎,すばる舎こんどホーム,663-8003,兵庫県西宮市上大市5-11-1-313,0798-53-2324,0798-53-4191,共同生活援助,2820900070,2006/10/1,,
特定非営利活動法人ハートフル,ハートフル上ヶ原,662-0881,兵庫県西宮市上ケ原七番町3-26-107,0798-52-5253,0798-52-5253,共同生活援助,2820900096,2006/10/1,,
特定非営利活動法人コスモス,コスモスホーム小林,665-0056,兵庫県宝塚市中野町4-20クレストビル301号、305号,0797-72-8739,0797-72-8739,共同生活援助,2821100035,2006/10/1,,
医療法人山西会,グループホーム三田,669-1537,兵庫県三田市西山２丁目２２－１０,079-563-4871,079-563-2816,共同生活援助,2821200017,2006/10/1,,
社会福祉法人枚方療育園,社会福祉法人枚方療育園げんきむら,669-1357,兵庫県三田市東本庄１１８８,079-568-2647,079-506-2242,共同生活援助,2821200025,2006/10/1,,
社会福祉法人みつみ福祉会,グループホーム「みつみ」,669-3464,兵庫県丹波市氷上町石生３６－１,0795-88-9632,0795-88-9640,共同生活援助,2821300015,2006/10/1,,
特定非営利活動法人みちくさ,グループホームみちくさ,669-2325,兵庫県篠山市河原町121-2,079-552-6067,079-552-6067,共同生活援助,2821400013,2006/10/1,,
社会福祉法人兵庫県社会福祉事業団,丹南精明園共同生活援助事業所,669-2213,兵庫県篠山市中野３８－４,079-590-2268,079-590-2266,共同生活援助,2821400021,2006/10/1,,
社会福祉法人わかたけ福祉会,太陽,669-2314,兵庫県篠山市東沢田２４０番地１,079-554-1566,079-554-1165,共同生活援助,2821400039,2006/10/1,,
社会福祉法人兵庫県社会福祉事業団,五色精光園共同生活援助事業所,656-1331,兵庫県洲本市五色町都志大日707,0799-33-1192,0799-33-1191,共同生活援助,2821500028,2006/10/1,,
社会福祉法人淡鳳会,知的障害者グループホームレインボー,656-0111,兵庫県洲本市鮎屋字久シ原636,0799-25-3777,0799-25-3801,共同生活援助,2821500036,2006/10/1,,
社会福祉法人淡路島福祉会,ボヌール地頭方,656-0456,兵庫県南あわじ市神代地頭方943-4,0799-42-7203,0799-42-7205,共同生活援助,2821700016,2006/10/1,,
社会福祉法人ゆほびか,グループホームうおずみ,674-0081,兵庫県明石市魚住町錦が丘4-4-3マーベル魚住3階,078-946-1211,078-946-1211,共同生活援助,2822000010,2006/10/1,,2012/9/30
医療法人社団正仁会,グループホーム「ノア」,674-0074,兵庫県明石市魚住町清水2744-30,078-942-1021,078-941-1573,共同生活援助,2822000028,2006/10/1,,
メッセユニバース株式会社,メッセハウス高砂,676-0825,兵庫県高砂市阿弥陀町北池61,079-448-6678,079-448-6678,共同生活援助,2822100026,2006/10/1,,
医療法人達磨会,加古川くすのき苑,675-0019,兵庫県加古川市野口町水足105-13,079-424-2983,079-425-2255,共同生活援助,2822200016,2006/10/1,,
社会福祉法人兵庫県社会福祉事業団,三木精愛園共同生活援助事業所,673-0532,兵庫県三木市緑が丘町中1丁目1の11,0794-84-0478,0794-84-0478,共同生活援助,2822300014,2006/10/1,,
医療法人樹光会,ひかり,673-0404,兵庫県三木市大村1074-223,0794-86-0775,0794-82-2191,共同生活援助,2822300022,2006/10/1,,
医療法人尚生会,厚生寮,679-0205,兵庫県加東市北野713,0795-48-3208,0795-48-4606,共同生活援助,2822500019,2006/10/1,,
社会福祉法人あぜくら福祉会,上坂部なかまの家,661-0979,兵庫県尼崎市上坂部２丁目２－１７,06-6497-1630,06-6497-3630,共同生活援助,2823000019,2006/10/1,,
社会福祉法人尼崎あすなろ福祉会,すみれ荘,661-0978,兵庫県尼崎市久々知西町２丁目２－６大岸ハイツ１０４,06-6426-1162,06-6480-8133,共同生活援助,2823000027,2006/10/1,,
特定非営利活動法人みち,ＮＰＯ法人みちホーム,666-0133,兵庫県川西市鴬台１－２３－７,072-755-1273,072-755-0260,共同生活援助,2823100017,2006/10/1,,
社会福祉法人高岡の里福祉会,グループホームとも,679-2212,兵庫県神崎郡福崎町福田７４０ブリランテトレ１０２・１０３,0790-22-6881,0790-22-6461,共同生活援助,2823400011,2006/10/1,,
社会福祉法人もみじ会,もみじホーム,679-4341,兵庫県たつの市新宮町能地274番地68,0791-75-4589,0791-75-4590,共同生活援助,2823600040,2006/10/1,,
社会福祉法人はなさきむら,グループホームコスモス,679-5305,兵庫県佐用郡佐用町長尾807-3,0790-71-0788,0790-78-0788,共同生活援助,2823700022,2006/10/1,,
社会福祉法人五倫会,チャレンジ,671-0111,兵庫県姫路市的形町的形１７６８－２７,079-247-9797,079-247-9898,共同生活援助,2824000018,2006/10/1,,
医療法人恵風会,けいふう,670-0061,兵庫県姫路市西今宿5-3-8,079-291-0531,079-291-4316,共同生活援助,2824000026,2006/10/1,,
社会福祉法人あいむ,あすなろの家,671-1102,兵庫県姫路市広畑区蒲田３８３番地の２,079-240-5300,079-280-3337,共同生活援助,2824000034,2006/10/1,,
医療法人全人会,グループホーム大日寮,670-0811,兵庫県姫路市野里２８１－２,079-281-6980,079-289-4513,共同生活援助,2824000042,2006/10/1,,
特定非営利活動法人いねいぶる,いねいぶる,671-1135,兵庫県姫路市大津区新町1-55パティオ酒木201号、203号,0791-62-5488,0791-78-8099,共同生活援助,2824000067,2006/10/1,,
社会福祉法人みどり福祉会,障害者ケアホーム「入野グリーン」,678-0081,兵庫県相生市若狭野町入野５５４－１,0791-28-0085,0791-28-0566,共同生活援助,2824200030,2006/10/1,,
医療法人千水会,涼風荘,678-0173,兵庫県赤穂市浜市３２５－２,0791-48-7768,0791-48-7768,共同生活援助,2824300012,2006/10/1,,
社会福祉法人兵庫県社会福祉事業団,赤穂精華園共同生活援助事業所,678-0252,兵庫県赤穂市大津１２８９－２,0791-43-6143,0791-43-2177,共同生活援助,2824300020,2006/10/1,,
社会福祉法人兵庫県社会福祉事業団,出石精和園　共同生活援助事業所,669-5315,兵庫県豊岡市日高町浅倉１２０－２,0796-42-5859,0796-42-5859,共同生活援助,2824400010,2006/10/1,,
社会福祉法人陽気会,西大池ホーム,651-1201,兵庫県神戸市北区西大池2-6市営西大池第4住宅211号棟201号,078-581-7227,078-581-7557,共同生活援助,2825000025,2006/10/1,,
社会福祉法人白百合学園,エリザベス・グレイスホーム,651-1212,兵庫県神戸市北区筑紫が丘2-22-9,078-591-7768,078-593-0023,共同生活援助,2825000033,2006/10/1,,
社会福祉法人ゆうわ福祉会,れんげ荘,651-1312,兵庫県神戸市北区有野町有野3419-1,078-981-5103,078-981-5103,共同生活援助,2825000041,2006/10/1,,
社会福祉法人かがやき神戸,のびのびホーム,651-1211,兵庫県神戸市北区小倉台7丁目6-2,078-586-1431,078-586-1451,共同生活援助,2825000058,2006/10/1,,
社会福祉法人光耀会,光耀会クラブ,651-1502,兵庫県神戸市北区道場町塩田2752,078-985-0201,078-985-0201,共同生活援助,2825000066,2006/10/1,,
社会福祉法人ヨハネ会,有野台ホーム,651-1321,兵庫県神戸市北区有野台2-1-7-302,078-987-5132,078-987-5132,共同生活援助,2825000082,2006/10/1,,
社会福祉法人上野丘さつき会,上野丘さつき会共同生活援助事業所,651-1611,兵庫県神戸市北区淡河町中山561番地,078-591-1002,078-591-1002,共同生活援助,2825000090,2006/10/1,,
特定非営利活動法人中央むつみ会,グループホーム　やすらぎ,651-0077,兵庫県神戸市中央区日暮通4丁目１－１９,078-261-9238,078-261-9238,共同生活援助,2825100015,2006/10/1,,
社会福祉法人まほろば,ホームまほろば,651-2301,兵庫県神戸市西区神出町勝成１１６－１９,078-965-2106,078-965-2104,共同生活援助,2825200013,2006/10/1,,
社会福祉法人神戸あゆみの会,友遊ホーム,651-2146,兵庫県神戸市西区宮下1-14-21,078-920-1525,078-920-1525,共同生活援助,2825200054,2006/10/1,,
医療法人敬性会,しらさぎ苑,651-2304,兵庫県神戸市西区神出町小束野4-40,078-965-1203,078-965-2705,共同生活援助,2825200062,2006/10/1,,
医療法人社団東峰会,フェニックスハウス,651-2403,兵庫県神戸市西区岩岡町西脇834番地,078-967-1202,078-969-1626,共同生活援助,2825200096,2006/10/1,,
社会福祉法人かがやき神戸,森友寮,651-2132,兵庫県神戸市西区森友5-91-4,078-220-9344,078-224-4546,共同生活援助,2825200104,2006/10/1,,
社会福祉法人持子福祉会,順持子ホーム,651-2131,兵庫県神戸市西区持子3-119,078-924-1361,078-924-1361,共同生活援助,2825200112,2006/10/1,,
特定非営利活動法人ソーシャルサポートセンターひょうご,グループホームひらの,651-2254,兵庫県神戸市西区平野町芝崎257-1,078-220-7687,078-220-7687,共同生活援助,2825200120,2006/10/1,,
有限会社アキツ,グループホームピースフル,670-0058,兵庫県姫路市車崎一丁目４－１３　第２アキツビル,079-295-9360,079-295-9360,共同生活援助,2824000059,2006/8/18,,
社会福祉法人みどり福祉会,障害者グループホーム「めばえ」,678-0081,兵庫県相生市若狭野町雨内８０２－４８,0791-28-0601,0791-28-0602,共同生活援助,2824200014,2006/7/1,,
社会福祉法人佐用福祉会,たんぽぽ,679-5301,兵庫県佐用郡佐用町佐用2832-12,0790-82-2682,0790-82-2877,共同生活援助,2823700014,2006/6/1,,
社会福祉法人あかりの家,希望山荘日笠,676-0082,兵庫県高砂市曽根町１７０４－４,079-447-3136,079-447-3136,共同生活援助,2822100018,2006/4/1,,