事業所番号,ｻｰﾋﾞｽ種類,事業所名,事業所郵便番号,事業所所在地,事業所電話,事業所FAX,指定後状態名,指定年月日,法人名,法人所在地
0820800464,共同生活援助,ほほえみの杜,3010801,茨城県龍ケ崎市板橋町528番地5,0297-79-6711,0297-79-6711,提供中,2020/9/1,ケーエヌシー株式会社,茨城県龍ケ崎市塗戸町85番地1
0822500302,共同生活援助,ＰＩＥＣＥの家,3192144,茨城県常陸大宮市泉657-2,0295-55-8113,0295-55-8114,提供中,2020/9/1,特定非営利活動法人　恵,茨城県水戸市赤塚一丁目1972番地の15
0820300820,共同生活援助,クララホーム下高津,3000812,茨城県土浦市下高津1丁目4番地6号,029-811-8018,,提供中,2020/8/1,アプロム株式会社,茨城県つくば市東新井19番地37
0822001269,共同生活援助,グループホーム　クローバー,3001256,茨城県つくば市森の里35番の1,08027805594,,提供中,2020/8/1,株式会社飯島,茨城県つくば市玉取2345番地
0822200366,共同生活援助,グループホームこころ,3140012,茨城県鹿嶋市大字平井1128-140ＢＳマンション105号室,050-58986677,020-46234427,提供中,2020/8/1,合同会社ハートエステート,埼玉県加須市花崎北一丁目28番地144
0820102671,共同生活援助,共同生活援助水戸白鳥の湖,3100813,茨城県水戸市浜田町53リッツガーデンⅡ206号,029-210-1666,029-210-1666,提供中,2020/7/1,イチフジ合同会社,茨城県ひたちなか市大平1-3-18
0820200913,共同生活援助,ケアハウスひだか,3191414,茨城県日立市日高町２－３－１０,05058671308,02046641078,提供中,2020/7/1,ナッティジャパン合同会社,茨城県日立市弁天町一丁目9番3号
0823800487,共同生活援助,Thorn　Castle　うずら野,3000341,茨城県稲敷郡阿見町うずら野二丁目22-15,090-33333226,029-869-8010,提供中,2020/7/1,一般社団法人配慮者支援協会,東京都杉並区和田三丁目41番18-107号
0827300039,共同生活援助,アタラシアテラス1,3002353,茨城県つくばみらい市小張4147番地20,0297-38-5399,029-886-3887,提供中,2020/7/1,株式会社クリエイティブフィール,茨城県つくば市東光台三丁目１番地２
0821900586,共同生活援助,あいのさとＡ,3001235,茨城県牛久市刈谷町二丁目170番地12,029-895-3190,029-895-3190,提供中,2020/6/1,合同会社あいのさと,茨城県牛久市刈谷町二丁目170番地12
0822001244,共同生活援助,あいホームつくば,3002641,茨城県つくば市今鹿島5703番7,029-847-5100,029-847-5102,提供中,2020/6/1,社会福祉法人桐孝会,茨城県石岡市東光台二丁目8番3号
0822001251,共同生活援助,ごきげんファーム　緑が丘,3050863,茨城県つくば市緑が丘38番1,029-875-5660,,提供中,2020/6/1,特定非営利活動法人つくばアグリチャレンジ,茨城県つくば市大角豆2168-1
0820200905,共同生活援助,日立市障害者共同生活援助施設,3170065,茨城県日立市助川町５-１１-１,0294-24-5402,0294-24-5402,提供中,2020/5/1,日立市,茨城県日立市助川町1丁目1番1号
0820500478,共同生活援助,あずさ,3150125,茨城県石岡市山崎字園西３２２１番５,029-886-8812,029-875-9965,提供中,2020/5/1,特定非営利活動法人新和会,茨城県かすみがうら市稲吉南三丁目２番１号
0821000163,共同生活援助,グループホームにこにこ　たかさい棟,3040031,茨城県下妻市高道祖７５８－３,0296-49-6215,0296-49-6217,提供中,2020/5/1,株式会社ＭＹＳ,茨城県常総市馬場４８８番地
0821500246,共同生活援助,希望の家,3191714,茨城県北茨城市関南町神岡上737番地,0293-46-4688,0293-46-5570,提供中,2020/5/1,特定非営利活動法人夢工房,茨城県北茨城市磯原町豊田字花園田1207番地
0821900578,共同生活援助,グループホーム　キノッピの家,3001235,茨城県牛久市刈谷町1丁目34番地3号,080-54270884,029-307-4183,提供中,2020/5/1,合同会社キノッピカンパニー,茨城県取手市白山二丁目２３番地１３号
0822001236,共同生活援助,居場所ホーム　セレサ,3050863,茨城県つくば市緑が丘24-7,029-879-9500,029-879-9511,提供中,2020/5/1,特定非営利活動法人居場所サポートクラブロべ,茨城県つくば市島名2298番地（諏訪Ｃ12街区9）Ｘ－ＳＴＡＧＥビル1階006号
0823000187,共同生活援助,グループホーム銀河館,3111705,茨城県行方市内宿３７５－３２,0291-36-7188,0291-36-7188,提供中,2020/5/1,一般社団法人　ハッピープロジェクト,茨城県行方市山田３１７３番地４
0820102663,共同生活援助,グループホームわおん水戸,3100851,茨城県水戸市千波町2556-12,029-297-8578,029-297-8579,提供中,2020/4/1,ＳＬＩＮＥ株式会社,茨城県水戸市中央2丁目8番8号アシスト第2ビル7F
0822400321,共同生活援助,アイリス,3020109,茨城県守谷市本町２４４－１５,0297-21-3103,0297-21-3103,提供中,2020/4/1,株式会社海音社,茨城県坂東市辺田９４４番地５
0823100342,共同生活援助,希望のさくら,3113157,茨城県東茨城郡茨城町小幡北山2765-61,029-303-6997,029-303-6998,提供中,2020/4/1,社会福祉法人　梅の里,茨城県東茨城郡茨城町小幡北山2766番36
0823800461,共同生活援助,With　you　ホーム,3000331,茨城県稲敷郡阿見町阿見中島4302番地9,029-869-6233,029-889-2142,提供中,2020/4/1,社会福祉法人　あすなろ会,茨城県稲敷郡阿見町福田84番地の3
0823800479,共同生活援助,グループホーム　わおん　阿見,3000331,茨城県稲敷郡阿見町阿見4666-666,0804361-3386,029-845-4856,提供中,2020/4/1,合同会社トータルプランナー,茨城県土浦市荒川沖東二丁目２番７－３０４号
0820102648,共同生活援助,えみてる水戸見川,3100913,茨城県水戸市見川町2131番2502,029-297-7735,029-297-7736,提供中,2020/3/1,株式会社アーバンアーキテック,茨城県ひたちなか市勝田泉町4番17
0820102655,共同生活援助,ソーシャルインクルーホーム水戸酒門町,3100841,茨城県水戸市酒門町1011-1,029-246-6023,029-246-6027,提供中,2020/3/1,ソーシャルインクルー株式会社,東京都品川区南大井六丁目25番3号
0820200897,共同生活援助,リーブルふらわあ,3191222,茨城県日立市久慈町2-25-47,0294-59-3651,0294-59-3652,提供中,2020/2/1,株式会社塙建設,茨城県日立市大久保町五丁目４番１６号
0821400199,共同生活援助,障害者グループホームめだか,3180034,茨城県高萩市大字高萩字坂東塚763番10,0293-24-9996,0293-24-9009,提供中,2020/2/1,特定非営利活動法人高萩めだかの会,茨城県高萩市大字高萩字坂東塚７６３番１０
0822001228,共同生活援助,コミュニティ・ライフ高見原,3001252,茨城県つくば市高見原四丁目７番地１３,029-895-4561,029-895-4561,提供中,2020/1/1,株式会社アクティブ・シニア・ラボ,埼玉県川口市柳崎二丁目１７番１２号
0820300812,共同生活援助,グループホームおひさま高津,3000819,茨城県土浦市上高津新町11-21,0907252-3445,,提供中,2019/12/1,株式会社　パートナーズ,茨城県土浦市小松一丁目16番25号
0821700465,共同生活援助,グループホーム　ル・シアン,3020038,茨城県取手市下高井2145番地2,0297-78-6620,0297-78-6620,提供中,2019/12/1,株式会社ガイア,東京都港区三田一丁目6番3-618号
0821600624,共同生活援助,グループホーム　ともにーの家,3091717,茨城県笠間市旭町字西原545-7,0809567-3198,0296-73-5573,提供中,2019/11/1,特定非営利活動法人茨城自立支援センター,茨城県水戸市河和田一丁目1645番地の3
0820300804,共同生活援助,陽なたハウス,3000037,茨城県土浦市桜町1－1－19,05068731834,02046642392,提供中,2019/10/1,エミエル合同会社,茨城県土浦市桜町一丁目1番地19号
0820800456,共同生活援助,ノーザン,3010017,茨城県龍ケ崎市姫宮町200-3,080-59168654,,提供中,2019/10/1,株式会社Ｓ＆Ｔ９８,茨城県土浦市右籾2067番地2ウエストピーク102
0821600616,共同生活援助,グループホームともべ,3190202,茨城県笠間市下郷4536－115,0296-73-6001,0296-73-6002,提供中,2019/10/1,有限会社ともべ看護ケアセンター,茨城県笠間市鯉渕6528番地54
0822900817,共同生活援助,ぷらす　One,3140144,茨城県神栖市大野原3丁目10－6ガーデン五月A-2,07012022211,,提供中,2019/10/1,株式会社CARPE DIEM,茨城県鹿嶋市荒野2117番地
0822001210,共同生活援助,△　さんかく,3002663,茨城県つくば市鍋沼新田字長峰418番地12コーポいせざきＢ棟１０３,029-879-7799,029-879-7798,提供中,2019/8/1,株式会社櫛形,茨城県土浦市烏山一丁目393番地315
0822100848,共同生活援助,障がい者グループホーム　Only One,3120001,茨城県ひたちなか市佐和1480-16,029-212-7333,029-285-1156,提供中,2019/8/1,有限会社稲田製作所,茨城県ひたちなか市大字稲田865番地
0820500460,共同生活援助,障がい者共同生活援助事業所　うきうきハウス,3150037,茨城県石岡市東石岡五丁目2番12号,0299-26-1550,0299-26-8381,提供中,2019/7/1,医療法人幕内会,茨城県石岡市東石岡四丁目1番38号
0822100822,共同生活援助,グループホームつばさ,3120063,茨城県ひたちなか市大字田彦790番地9,029-274-4056,029-274-4056,提供中,2019/6/1,特定非営利活動法人ネモフィラの丘,茨城県ひたちなか市大字田彦748番地の3
0822001178,共同生活援助,ほっとハウス平沢Ａ,3004213,茨城県つくば市平沢1255-62,029-867-0025,029-867-1968,提供中,2019/5/1,社会福祉法人　筑峯学園,茨城県つくば市平沢655番地の4
0820102630,共同生活援助,グループホームうさぎの家,3100911,茨城県水戸市見和2丁目189番地27号,029-350-9720,029-350-9721,提供中,2019/4/1,有限会社　大槻流通サービス,茨城県水戸市酒門町2584番地
0820800431,共同生活援助,グループホーム　ヒバリ,3010856,茨城県龍ケ崎市貝原塚町2285-1,0297-86-7186,0297-86-7185,提供中,2019/4/1,株式会社　万壽,茨城県土浦市荒川沖西一丁目8番3号
0822600615,共同生活援助,グループホーム　ぽこりっと,3110105,茨城県那珂市菅谷2062,029-219-6551,029-219-6552,提供中,2019/4/1,特定非営利活動法人　ぽこりっと,茨城県那珂市中台566番地45
0822900742,共同生活援助,グループホームみはる園神栖,3140112,茨城県神栖市知手中央1丁目9番地30,0299-94-3670,0299-94-3671,提供中,2019/1/1,株式会社グッドライフ,茨城県潮来市辻829番地1
0821500238,共同生活援助,里の家,3191702,茨城県北茨城市大津町2564番地1,0293-24-5033,0293-24-5044,提供中,2018/12/1,有限会社エム・エス・テイ介護倶楽部,茨城県北茨城市中郷町小野矢指846番地
0822100798,共同生活援助,グループホームみやび,3120002,茨城県ひたちなか市高野142-41　Ｓ・ディアコートＡ101号室,029-352-2367,029-352-2368,提供中,2018/12/1,特定非営利活動法人まほろば,茨城県ひたちなか市大字市毛515番地の10
0822100806,共同生活援助,ラピス,3120035,茨城県ひたちなか市枝川1299-1,029-224-6750,,提供中,2018/12/1,株式会社星,茨城県水戸市金町三丁目4番36号
0820200889,共同生活援助,グループホームたまご,3191414,茨城県日立市日高町5-6-15,0294-51-4932,0294-51-2035,提供中,2018/11/1,株式会社Ｒｅ－ｅＧＧ,茨城県日立市金沢町七丁目13番6号
0823100334,共同生活援助,Castle,3113116,茨城県東茨城郡茨城町長岡4345-8,029-828-8518,029-828-8513,提供中,2018/10/1,株式会社ＡＱＵＡ,茨城県鉾田市徳宿1809番地5
0820200848,共同生活援助,センターかがやき,3160033,茨城県日立市中成沢町4丁目4番12-1号,0294-38-1200,0294-38-1200,提供中,2018/9/1,株式会社あかつき,茨城県日立市中成沢町四丁目3番4号
0822900726,共同生活援助,クレッシェンド,3140128,茨城県神栖市大野原中央6丁目5番地48,0299-94-3739,0299-94-3739,提供中,2018/9/1,クレッシェンド合同会社,茨城県行方市繁昌804番地
0821000155,共同生活援助,クローバー,3040064,茨城県下妻市本城町三丁目48番地,0296-45-6818,0296-45-6819,提供中,2018/8/1,社会福祉法人　みどり会,茨城県下妻市本城町三丁目49番地
0821600582,共同生活援助,グループホーム　うたた寝,3091738,茨城県笠間市大田町215番地37,0296-77-2932,0296-77-2932,提供中,2018/8/1,合同会社たねの声,茨城県笠間市大田町215番地37
0821200300,共同生活援助,ふえりす,3130222,茨城県常陸太田市松平町1159-1,0294-85-2134,0294-70-5033,提供中,2018/7/1,社会福祉法人　朋友会,茨城県常陸太田市松平町３６４番１
0827200270,共同生活援助,グループホーム　ふぁーれ（灯台）,3112113,茨城県鉾田市上幡木1656-215,0291-36-7613,0291-36-7614,提供中,2018/7/1,特定非営利活動法人介護支援事業所縁ゆかり,東京都練馬区石神井台七丁目21番8号
0820102523,共同生活援助,グループホーム　あゆむ,3114153,茨城県水戸市河和田町56番39号,029-353-7186,029-353-7187,提供中,2018/6/1,株式会社八重櫻,茨城県水戸市河和田町280番地の2
0821900560,共同生活援助,ケアセンター梵,3001284,茨城県牛久市島田町2688-1,029-886-6230,029-875-1125,提供中,2018/6/1,社会福祉法人銈光会,茨城県稲敷郡美浦村大字舟子字横田3143番1
0822100764,共同生活援助,プログレスホームサッチモ,3120004,茨城県ひたちなか市長砂1561-4,0801277-2221,029-202-1666,提供中,2018/6/1,社会福祉法人　町にくらす会,茨城県ひたちなか市長砂1561番地4
0822300216,共同生活援助,ライフサポートセンターいたこ,3112423,茨城県潮来市日の出5丁目24,0299-77-7828,0299-77-7110,提供中,2018/6/1,社会福祉法人創志会,茨城県つくば市上郷7563番地67
0821600566,共同生活援助,レリーフ,3091611,茨城県笠間市笠間1593-1,0296-72-1102,0296-72-1103,提供中,2018/4/1,株式会社Ｆｅｅｌｄ,茨城県笠間市笠間1593番地1
0821700457,共同生活援助,ハイライフサポート取手ホーム,3001545,茨城県取手市和田1010,029-873-7787,029-893-5888,提供中,2018/4/1,株式会社ハイライフサポート,茨城県牛久市上柏田四丁目55番地21
0822400313,共同生活援助,あっとホームらいおん荘,3020118,茨城県守谷市立沢1001-1,0297-34-0766,0297-34-0760,提供中,2018/4/1,株式会社ウェルビー,茨城県守谷市立沢950番地1
0820300705,共同生活援助,ファミーユ上高津新町,3000819,茨城県土浦市上高津新町11-21,029-869-8105,000-000-0000,提供中,2018/3/1,一般社団法人栁田障害福祉グループ,茨城県土浦市藤沢新田2番地1
0820102432,共同生活援助,グループホームすばる,3100022,茨城県水戸市梅香二丁目285番1号,029-302-7377,029-302-7378,提供中,2017/12/1,一般社団法人サイコー,茨城県水戸市梅香二丁目285番1号
0820500387,共同生活援助,グループホーム　ＳＡＫＵＲＡ,3150133,茨城県石岡市半田1886番地1,0299-57-6070,,提供中,2017/12/1,医療法人社団金山会,茨城県石岡市半田1886番地
0823800446,共同生活援助,グループホームおひさま,3000335,茨城県稲敷郡阿見町岡崎2丁目15番地34,0907252-3445,000,提供中,2017/12/1,株式会社　パートナーズ,茨城県土浦市小松一丁目16番25号
0820102424,共同生活援助,樹もれびハウス,3114207,茨城県水戸市成沢町831番地の16,029-303-8211,029-303-8211,提供中,2017/11/1,特定非営利活動法人だいち,茨城県水戸市堀町767番地の1
0820300689,共同生活援助,株式会社サンライフ,3000067,茨城県土浦市東都和13-8,029-875-8341,029-828-4135,提供中,2017/11/1,株式会社サンライフ,茨城県つくば市松代一丁目28番地6
0820700193,共同生活援助,あじさい,3070031,茨城県結城市大字大木八坂前409-54,0296-45-5058,0296-45-5048,提供中,2017/9/1,一般社団法人社会福祉相談センター,埼玉県東松山市若松町二丁目11番24号エンゼルハイム東松山203号
0822000956,共同生活援助,ごきげんファーム　鬼ヶ窪,3002651,茨城県つくば市鬼ケ窪下山1047番106,029-875-5660,029-875-5679,提供中,2017/8/1,特定非営利活動法人つくばアグリチャレンジ,茨城県つくば市大角豆2168-1
0822000964,共同生活援助,共同生活援助事業所とよさと,3003261,茨城県つくば市花畑二丁目2番地13,029-847-2631,029-847-9590,提供中,2017/8/1,医療法人社団つくば健仁会,茨城県つくば市田倉4725番地
0822800231,共同生活援助,ＨＩＬＬＳ,3000121,茨城県かすみがうら市宍倉6211-8,029-828-8518,029-828-8512,提供中,2017/8/1,株式会社ＡＱＵＡ,茨城県鉾田市徳宿1809番地5
0820400729,共同生活援助,ＮＰＯ法人自立支援センター,3060112,茨城県古河市東山田字米倉4930番地15,0280-66-9119,0280-66-9119,提供中,2017/7/1,特定非営利活動法人　自立支援センター,茨城県古河市東山田4930番地15
0820500379,共同生活援助,あいホーム石岡,3150033,茨城県石岡市東光台二丁目8番3号,0299-28-0121,0299-28-0122,提供中,2017/6/1,社会福祉法人桐孝会,茨城県石岡市東光台二丁目8番3号
0821400181,共同生活援助,ソーラーリゾート　クレピュア,3180024,茨城県高萩市大字秋山2663番地5,0293-44-6611,0293-44-6610,提供中,2017/6/1,株式会社ひたちソーラーリゾート,茨城県日立市十王町山部343番地1
0822000923,共同生活援助,笹の葉ホーム,3002635,茨城県つくば市東光台2-24-1,029-828-6861,029-828-6863,提供中,2017/6/1,常南交通株式会社,茨城県つくば市榎戸433番地2
0821100336,共同生活援助,障がい者グループホーム　筑波キングス・ガーデン,3002521,茨城県常総市大生郷町字新畑1876番地,0297-24-4550,,提供中,2017/5/1,社会福祉法人　日本キングス･ガーデン,茨城県常総市大生郷町字新畑1818番地2
0823300215,共同生活援助,萬有の森　障害者グループホーム太陽,3191113,茨城県那珂郡東海村照沼51-1,029-352-9160,029-352-9161,提供中,2017/5/1,医療法人　愛仁会,茨城県常陸太田市町田町2093番地
0821700424,共同生活援助,グループホーム　メジロ,3001514,茨城県取手市宮和田1030-42,0297-79-4987,0297-79-4987,提供中,2017/4/27,株式会社　万壽,茨城県土浦市荒川沖西一丁目8番3号
0820102317,共同生活援助,共同生活援助施設　千波ハピネス,3100851,茨城県水戸市千波町2770-21,029-246-6660,029-246-6661,提供中,2017/4/1,社会福祉法人　青樹会,埼玉県草加市柿木町字鶴181番地
0821900511,共同生活援助,ハイライフサポート牛久ホーム,3001203,茨城県牛久市下根町1322-351,029-873-7787,029-893-5888,提供中,2017/4/1,株式会社ハイライフサポート,茨城県牛久市上柏田四丁目55番地21
0822900643,共同生活援助,グループホームけいあい,3140115,茨城県神栖市知手3659番地,0299-96-1831,0299-96-4141,提供中,2017/4/1,社会福祉法人　神栖啓愛園,茨城県神栖市知手字柳堀新開3653番地1
0822900650,共同生活援助,グループホームハミング,3140253,茨城県神栖市須田3419番2,0479-40-0505,0479-40-0506,提供中,2017/4/1,社会福祉法人しあわせ会,茨城県神栖市矢田部12642番地12
0820400703,共同生活援助,あじさい学園ホーム,3060041,茨城県古河市鴻巣1112,0280-23-1564,0280-23-1565,提供中,2017/3/31,社会福祉法人　共生社,茨城県古河市鴻巣字出口南1179番地
0821800307,共同生活援助,ユタカホーム,3060515,茨城県坂東市沓掛5178,0297-44-0720,,提供中,2017/3/31,社会福祉法人　修倫福祉会,茨城県坂東市神田山2208番地
0820500353,共同生活援助,メイプルホーム　いしおか,3150037,茨城県石岡市東石岡3-15-9,0299-57-1800,0299-57-1801,提供中,2016/12/1,社会福祉法人誠仁会,茨城県鉾田市徳宿1809番地11
0822900627,共同生活援助,ＯＨＡＮＡハウス,3140134,茨城県神栖市賀2108-89Ａ棟,0299-77-8030,0299-77-7744,提供中,2016/10/1,一般社団法人　ＯＨＡＮＡ,茨城県神栖市平泉東一丁目64-60
0820102184,共同生活援助,グループホーム　ティピ１,3100913,茨城県水戸市見川町1814-21　フォーライフハウス見川町Ⅱ-C,029-243-3159,029-243-3159,提供中,2016/7/1,特定非営利活動法人　宙の会,茨城県水戸市見川町2563番地475
0820102192,共同生活援助,はっぴぃハウス　かさはら,3100852,茨城県水戸市笠原町1213-30,029-305-5851,029-305-5853,提供中,2016/7/1,社会福祉法人　ひだまり会,茨城県水戸市加倉井町104番地
0820700185,共同生活援助,グループホーム　エレナ,3070001,茨城県結城市大字結城字下山7969番地13,0296-39-0214,0296-39-0214,提供中,2016/6/1,結城社会福祉株式会社,茨城県結城市大字結城字下山7969番地13
0822600516,共同生活援助,コモドグループホーム,3110105,茨城県那珂市菅谷5417-1,029-219-7073,029-219-7073,提供中,2016/6/1,株式会社　フレーズ,茨城県那珂市菅谷5417番地1
0820300580,共同生活援助,グループホーム　つばめ,3000024,茨城県土浦市田村町972番地,029-893-2130,029-893-2130,提供中,2016/4/1,社会福祉法人俊真会,茨城県土浦市田村町972番地
0821200243,共同生活援助,グループホームワコー大里,3130125,茨城県常陸太田市大里町236-1,0294-70-3388,0294-70-3389,提供中,2016/4/1,有限会社ワコー介護サービス,茨城県常陸太田市大里町237番地1
0822500294,共同生活援助,グループホーム明の家,3193114,茨城県常陸大宮市野上1924-1,0295-54-4893,0295-54-4889,提供中,2016/4/1,社会福祉法人　二十一世紀会,茨城県常陸大宮市野上1788番地1
0823000179,共同生活援助,いもやホーム,3113811,茨城県行方市四鹿816番地7,0299-73-3838,0299-73-3838,提供中,2016/4/1,一般社団法人いもや,茨城県行方市四鹿816番地
0823800404,共同生活援助,あじさい福祉園共同生活援助事業所れるび,3001331,茨城県稲敷郡河内町生板横間8897番地,0297-84-0311,0297-84-0313,提供中,2016/4/1,社会福祉法人河内厚生会,茨城県稲敷郡河内町生板横間8907番地
0822200358,共同生活援助,ゆたかの里,3140012,茨城県鹿嶋市平井2番地103,0299-77-9099,0299-77-9091,提供中,2016/1/1,特定非営利活動法人潮騒ジョブトレーニングセンター,茨城県鹿嶋市宮津台210番地10
0821100286,共同生活援助,ういんぐ,3002513,茨城県常総市羽生町206番地4号,0297-38-8800,0297-38-8810,提供中,2015/12/1,特定非営利活動法人ＩＬＡ,茨城県常総市羽生町361番地
0822100566,共同生活援助,スマイルくらぶ,3120046,茨城県ひたちなか市勝田泉町4番17,029-276-0660,029-275-5661,提供中,2015/11/1,ますだ,茨城県ひたちなか市勝田泉町4番17
0820102051,共同生活援助,グループホーム　かがやき,3100821,茨城県水戸市中大野661-1,029-269-1181,029-269-1155,提供中,2015/9/1,社会福祉法人友幸会,茨城県水戸市下大野町6743番1
0822200291,共同生活援助,Ｃｏｃｏｎ,3112221,茨城県鹿嶋市荒野1595-3,0299-77-5108,0299-77-5107,提供中,2015/5/1,社会福祉法人誠仁会,茨城県鉾田市徳宿1809番地11
0820102010,共同生活援助,コテロ元吉田,3100836,茨城県水戸市元吉田町1328番地3,029-291-3474,029-291-3990,提供中,2015/4/1,株式会社オーバースロー,茨城県水戸市元吉田町1328番地3
0822100517,共同生活援助,笑の心,3111202,茨城県ひたちなか市磯崎町字境4084番地5,029-219-5977,029-219-5977,提供中,2015/4/1,社会福祉法人心の和,茨城県ひたちなか市磯崎町字境4084番地5
0822700662,共同生活援助,グループホーム　ロメオ,3080847,茨城県筑西市玉戸字伊房地1353番9,0296-28-8777,0296-28-7923,提供中,2015/4/1,有限会社ロメオ,茨城県筑西市玉戸1053番地
0822000766,共同生活援助,グループホーム　ふくろう,3004231,茨城県つくば市北条字中町裏4456番地2,029-897-3626,029-897-3626,提供中,2015/3/1,社会福祉法人明康会,茨城県筑西市海老ケ島字久保山1999番地
0823000161,共同生活援助,すずらんハウス,3111704,茨城県行方市山田字宮ノ脇3365番5,0478-53-2285,0478-79-6285,提供中,2015/1/1,特定非営利活動法人宗愛の里はらっぱ,千葉県香取市玉造539番地1
0820101905,共同生活援助,グループホーム　ピアニッシモ,3114153,茨城県水戸市河和田町151番地,029-257-8166,029-257-8167,提供中,2014/12/1,特定非営利活動法人　ピアニッシモ,茨城県水戸市河和田町151番地
0822300158,共同生活援助,ｸﾞﾙｰﾌﾟﾎｰﾑみはる園,3112421,茨城県潮来市大字辻1543-3,0299-77-5200,0299-77-5300,提供中,2014/10/1,株式会社グッドライフ,茨城県潮来市辻829番地1
0822400180,共同生活援助,Zero House　Ⅰ,3020128,茨城県守谷市けやき台3-10-1,0297-20-6851,0297-20-6852,提供中,2014/10/1,株式会社　コミュニティライフプロモーションズ,茨城県守谷市薬師台一丁目13番地1
0822500260,共同生活援助,障がい者グループホーム　一貫堂,3192262,茨城県常陸大宮市下町1392,0295-54-7788,0295-53-2522,提供中,2014/7/1,医療法人　一貫堂会,茨城県常陸大宮市下町3993
0820101780,共同生活援助,かきのきホーム　,3190301,茨城県水戸市田島町294番地2,029-239-3923,029-239-3924,提供中,2014/6/1,特定非営利活動法人　かきのき,茨城県水戸市田島町294番地
0820101764,共同生活援助,あおぞら,3100841,茨城県水戸市酒門町4280-1,029-247-5151,029-248-5720,提供中,2014/5/1,社会福祉法人　清香会,茨城県水戸市酒門町4280-2
0822200242,共同生活援助,ケアホームウィング,3140042,茨城県鹿嶋市田野辺570-17,0299-94-8313,0299-94-8313,提供中,2014/5/1,特定非営利活動法人風花,茨城県鹿嶋市大字田野辺570-17
0820100329,共同生活援助,グループホーム集まれガッツ村,3100844,茨城県水戸市住吉町16番地57,029-293-7401,029-293-7744,提供中,2014/4/1,社会福祉法人茨城補成会,茨城県東茨城郡茨城町上石崎4698番地の2
0820101038,共同生活援助,ケアホーム　きらきら,3114144,茨城県水戸市開江町483－1,029-255-5546,029-291-5541,提供中,2014/4/1,社会福祉法人友幸会,茨城県水戸市下大野町6743番1
0820101616,共同生活援助,共同生活介護支援施設タウンいずみ,3100026,茨城県水戸市泉町2-4-21,029-302-6550,029-302-6552,提供中,2014/4/1,社会福祉法人　梅寿会,茨城県神栖市日川字石塚4112番
0820101715,共同生活援助,たけのこホーム,3100843,茨城県水戸市元石川町2523番地の2,029-248-7009,029-248-7009,提供中,2014/4/1,合同会社ライフパートナー,茨城県水戸市元石川町2523番地の2
0820200442,共同生活援助,グループホーム　一想園,3191416,茨城県日立市田尻町2-8-10,0294-43-0990,0294-44-8688,提供中,2014/4/1,社会福祉法人　愛正会,茨城県高萩市大字下手綱字大谷口1951番地の15
0820200582,共同生活援助,日立太陽の家　風の家,3170065,茨城県日立市助川町５－１４－９,0294-23-2620,0294-23-2620,提供中,2014/4/1,特定非営利活動法人　日立太陽の家,茨城県日立市助川町５－１４－８
0820200673,共同生活援助,みなみの杜,3191224,茨城県日立市南高野町2丁目11番12号,0294-51-2807,0294-51-2807,提供中,2014/4/1,社会福祉法人　ひたち育成会,茨城県日立市南高野町2-10-24
0820300408,共同生活援助,なでしこ,3000013,茨城県土浦市神立町667-28,029-831-1686,029-831-8636,提供中,2014/4/1,社会福祉法人　尚恵学園,茨城県土浦市神立町1791
0821200151,共同生活援助,ひらそる,3130222,茨城県常陸太田市松平町２５２－１,0294-85-2134,0294-70-5033,提供中,2014/4/1,社会福祉法人　朋友会,茨城県常陸太田市松平町３６４番１
0821400058,共同生活援助,共同生活援助事業所　リバティ・サポートセンターゆい,3180034,茨城県高萩市大字高萩45番地1,0293-23-6890,0293-23-6897,提供中,2014/4/1,社会福祉法人親交会,茨城県高萩市大字若栗字井戸上125番地1
0821600293,共同生活援助,ビレッジ　ダッシュ,3091722,茨城県笠間市平町122番地4,0296-78-5287,0296-73-4224,提供中,2014/4/1,特定非営利活動法人　茨城依存症回復支援協会,茨城県笠間市平町122番地4
0821700200,共同生活援助,ケアホーム夢未来,3001525,茨城県取手市桜が丘4-1391-76,0297-83-2266,0297-82-5880,提供中,2014/4/1,社会福祉法人　身障者ポニーの会,茨城県取手市高須2148
0821700291,共同生活援助,グループホームつつじ,3020034,茨城県取手市戸頭7-7-19-101,0297-78-3211,0297-78-9621,提供中,2014/4/1,社会福祉法人　取手市社会福祉協議会,茨城県取手市寺田5144-3
0821800109,共同生活援助,オーロラ,3060515,茨城県坂東市沓掛1805-1,0297-44-0722,0297-44-0722,提供中,2014/4/1,特定非営利活動法人　オンリーワン,茨城県坂東市沓掛1805-1
0821800273,共同生活援助,桐木ケアホーム,3060636,茨城県坂東市桐木644-13,0297-36-3385,0297-36-3385,提供中,2014/4/1,社会福祉法人　修倫福祉会,茨城県坂東市神田山2208
0822000352,共同生活援助,共同生活援助事業所　ほっとハウス,3004204,茨城県つくば市作谷2915番1,029-867-0025,029-867-1968,提供中,2014/4/1,社会福祉法人　筑峯学園,茨城県つくば市平沢655番地の4
0822000469,共同生活援助,みもりの杜,3004245,茨城県つくば市水守859-7,029-850-9010,029-850-9033,提供中,2014/4/1,社会福祉法人　にいはり福祉会,茨城県土浦市小高572-1
0822000600,共同生活援助,ケアホーム　つくば根,3004224,茨城県つくば市小和田３８３番地１,029-867-1200,029-867-4744,提供中,2014/4/1,社会福祉法人　つくば根学園,茨城県つくば市小和田３６６番地
0822500138,共同生活援助,御前山ホーム,3114615,茨城県常陸大宮市下伊勢畑１１７７－３,0295-55-3231,0295-55-3231,提供中,2014/4/1,社会福祉法人　慈徳会,茨城県常陸大宮市国長９９３
0822500146,共同生活援助,障害者グループホーム　花の家,3193114,茨城県常陸大宮市野上１９２４－２,0295-54-4893,0295-54-4889,提供中,2014/4/1,社会福祉法人二十一世紀会,茨城県常陸大宮市野上１７７１－３
0822600193,共同生活援助,よしのホーム,3110134,茨城県那珂市飯田2529-1,029-295-9100,029-295-9300,提供中,2014/4/1,社会福祉法人　実誠会,茨城県那珂市飯田2529-1
0823000112,共同生活援助,ケアホーム　ひなたぼっこ,3113832,茨城県行方市麻生1171-1,0299-77-8080,0299-77-9889,提供中,2014/4/1,有限会社　ひなた,茨城県行方市蔵川411番地
0823100177,共同生活援助,希望のうめ,3113157,茨城県東茨城郡茨城町小幡北山2765番61,029-291-2150,029-292-8328,提供中,2014/4/1,社会福祉法人　梅の里,茨城県東茨城郡茨城町小幡北山2766番36
0823800230,共同生活援助,かすみ,3000331,茨城県稲敷郡阿見町阿見1995-1,029-886-5595,029-886-5596,提供中,2014/4/1,社会福祉法人　木犀会,茨城県笠間市鯉淵字十ノ割6266番地185
0823800271,共同生活援助,グループホーム　レインボー,3000424,茨城県稲敷郡美浦村受領字刈満田961番地1,029-885-5155,029-885-5808,提供中,2014/4/1,社会福祉法人　美しの森,茨城県稲敷郡美浦村受領字八枚957番地
0824400063,共同生活援助,ケアホーム　響,3001604,茨城県北相馬郡利根町横須賀153－3,0297-61-8500,0297-61-8501,提供中,2014/4/1,株式会社　モデンナ・ケアサービス,茨城県稲敷郡阿見町鈴木136番地3
0827100181,共同生活援助,上の原学園成人寮,3091226,茨城県桜川市上野原地新田159-1,0296-75-2509,0296-76-2020,提供中,2014/4/1,社会福祉法人　上の原学園,茨城県桜川市上野原地新田159-1
0827200072,共同生活援助,さくらの丘,3111123,茨城県水戸市下入野町1923-3,0291-37-4811,0291-37-4813,提供中,2014/4/1,社会福祉法人　勇成会,茨城県水戸市下入野町1924番地1
0827400177,共同生活援助,こだま,3113433,茨城県小美玉市高崎1374-2,0299-26-8808,0299-26-8866,提供中,2014/4/1,社会福祉法人　敬山会,茨城県小美玉市上玉里字桜山50番地124
0820400596,共同生活援助,まくらがの里グループホームどんぐり,3060226,茨城県古河市女沼332番地1,0280-97-1123,0280-98-0220,提供中,2014/3/31,株式会社　まくらがの里,茨城県古河市上大野1517番地1
0821500139,共同生活援助,グループホームひろはし,3191702,茨城県北茨城市大津町2518番地,0293-46-7701,0293-46-5113,提供中,2014/3/31,医療法人　誠之会,茨城県北茨城市大津町2592番地
0822000691,共同生活援助,グループホーム朝幸の郷,3050861,茨城県つくば市谷田部1144-37,029-836-5037,029-836-5037,提供中,2014/3/31,特定非営利活動法人エフ・エイチ・ピー協会,茨城県筑西市下中山407番地6
0822600391,共同生活援助,グループホーム　ナザレ園,3192103,茨城県那珂市中里361-5,029-212-5350,029-212-5350,提供中,2014/3/31,社会福祉法人ナザレ園,茨城県那珂市中里361番地2
0820101673,共同生活援助,ケアホームたじま,3190301,茨城県水戸市田島町792番地1,029-353-7411,029-353-7412,提供中,2014/2/1,社会福祉法人　木犀会,茨城県笠間市鯉淵字十ノ割6266番185
0820101558,共同生活援助,みらい館,3100031,茨城県水戸市大工町３丁目６番１１号,029-224-5630,029-244-5631,提供中,2013/7/1,特定非営利活動法人　未来会,茨城県水戸市西原二丁目10番57号
0822700514,共同生活援助,やまびこ園,3080825,茨城県筑西市下中山1149,0296-48-9921,0296-48-9931,提供中,2013/7/1,株式会社稲善,茨城県筑西市下中山３８１番地１
0820400554,共同生活援助,グループホーム　こうやの森,3060214,茨城県古河市高野1443番地1,0280-23-3955,0280-23-3956,提供中,2013/5/1,特定非営利活動法人　愛・ＬＯＶＥ・みらい,茨城県古河市釈迦278番地1
0822400123,共同生活援助,ケアホーム　もりや,3020104,茨城県守谷市久保ケ丘1丁目22-17,0297-46-0113,0297-46-0114,提供中,2013/5/1,社会福祉法人　木犀会,茨城県笠間市鯉渕字十ノ割6266番185
0821600350,共同生活援助,かつらぎホーム,3091611,茨城県笠間市笠間2764-3,0296-72-9369,0296-73-4150,提供中,2013/4/1,株式会社　かつらぎ,茨城県笠間市笠間2913
0822700480,共同生活援助,グループホーム　歩実,3004542,茨城県筑西市吉田636番20,0296-48-6001,0296-52-7650,提供中,2013/4/1,特定非営利活動法人歩実,茨城県筑西市吉田636番12
0822800165,共同生活援助,グループホーム「しらゆき」,3150075,茨城県かすみがうら市中志筑2411-1,0299-59-5290,0299-59-5912,提供中,2013/4/1,社会福祉法人　川惣会,茨城県かすみがうら市中志筑2409-1
0827200163,共同生活援助,メイプルホーム　ほこた,3111503,茨城県鉾田市徳宿1809-14,0291-36-5684,0291-36-5691,提供中,2013/4/1,社会福祉法人誠仁会,茨城県鉾田市徳宿1809番地11
0822800140,共同生活援助,ひめりんご,3150054,茨城県かすみがうら市稲吉5丁目1-47,029-875-4399,029-875-4399,提供中,2013/3/1,特定非営利活動法人新和会,茨城県かすみがうら市稲吉南三丁目２番１号
0822200184,共同生活援助,OneS　Life,3140031,茨城県鹿嶋市宮中３４７番地６,0299-94-8937,0299-94-8938,提供中,2013/2/1,株式会社　ブリッジタウン,茨城県鹿嶋市宮中３４７番地６
0820200624,共同生活援助,ビレッジ一番街,3170052,茨城県日立市東滑川町5丁目10番5号,0294-44-7707,0294-32-7789,提供中,2013/1/1,社会福祉法人　ひたちの森会,茨城県日立市東滑川町5丁目10番3号
0820500262,共同生活援助,グループホーム　たいよう,3150121,茨城県石岡市真家2502番地282,0299-46-7532,0299-46-5451,提供中,2013/1/1,特定非営利活動法人　まいえの里,茨城県石岡市真家1649番地25
0822700423,共同生活援助,サポートシェアハウスいなしき,3000743,茨城県稲敷市曲渕3-1,0299-77-5260,0299-77-5261,提供中,2012/7/1,特定非営利活動法人ＳＭＳＣ,茨城県稲敷市曲渕3-1
0821900313,共同生活援助,みのるの郷ケアホーム,3001217,茨城県牛久市さくら台1-76-22,029-886-8432,029-869-8687,提供中,2012/6/1,社会福祉法人　新世会,茨城県ひたちなか市磯崎町4555-1
0820300416,共同生活援助,グループホーム　オアシス,3000064,茨城県土浦市東若松町3969,029-821-3100,029-821-3122,提供中,2012/4/1,医療法人　霞水会,茨城県土浦市東若松町3969
0820400372,共同生活援助,コスモス,3060013,茨城県古河市東本町４－２－８１,0280-30-0119,0280-30-0119,提供中,2012/4/1,医療法人　慈政会,茨城県古河市東本町四丁目2番2号
0820400398,共同生活援助,きずな,3060204,茨城県古河市下大野鍛冶打737番地13,0280-91-0153,0280-91-0152,提供中,2012/4/1,社会福祉法人パステル,栃木県小山市大字乙女625番地2
0822700407,共同生活援助,ケアホーム藍藍,3040056,茨城県下妻市長塚乙11－3,0296-43-8128,0296-30-5118,提供中,2012/4/1,株式会社ほーむけあいしやま,茨城県筑西市玉戸1602番地の10
0820800209,共同生活援助,グループホーム古城の家,3010834,茨城県龍ケ崎市古城3204,0297-85-4304,0297-84-6717,提供中,2012/1/1,社会福祉法人ゆっこら,茨城県龍ケ崎市字古城3204番地
0821600327,共同生活援助,グループホーム「颯（ＳＯＯ）」,3100911,茨城県水戸市見和三丁目１４５５番地の１,029-243-8595,029-243-8595,提供中,2011/8/1,社会福祉法人　光風会,茨城県水戸市見川一丁目1183番地の2
0821600319,共同生活援助,ケアホームかさま,3091614,茨城県笠間市寺崎161-1,0296-73-5507,0296-72-3662,提供中,2011/7/1,社会福祉法人　木犀会,茨城県笠間市鯉渕字十ノ割6266番185
0820200558,共同生活援助,共同生活援助事業所　まゆみⅡ,3160001,茨城県日立市諏訪町1丁目17-13,0294-34-2118,0294-34-2118,提供中,2011/6/1,医療法人圭愛会,茨城県日立市大久保町2409番地の3
0821900263,共同生活援助,HIDAMARI,3001222,茨城県牛久市南四丁目２２番地２５,029-873-4232,029-873-4232,提供中,2011/4/1,株式会社　創想,茨城県牛久市南四丁目２２番地２５
0821900230,共同生活援助,グループホーム　希望の峰,3001237,茨城県牛久市田宮二丁目50番1号,029-830-8451,029-830-8448,提供中,2010/8/1,株式会社　泰平,茨城県牛久市田宮2丁目50番1号
0820200491,共同生活援助,ひたちの森サポートハウス,3191413,茨城県日立市小木津町1019,0294-43-1316,,提供中,2010/5/1,医療法人　永慈会,茨城県日立市小木津町966
0827400110,共同生活援助,あけぼの里,3113433,茨城県小美玉市高崎2217-3,0299-26-7111,0299-26-1275,提供中,2010/5/1,社会福祉法人　聖隷会,茨城県小美玉市高崎2206-1
0820101160,共同生活援助,スマイルホーム見和,3100911,茨城県水戸市見和三丁目568番地3,029-251-5882,029-212-3004,提供中,2010/4/1,特定非営利活動法人　喜友会,茨城県水戸市見和三丁目568番地3
0820200426,共同生活援助,共同生活援助事業所　グループホーム　まゆみ,3160012,茨城県日立市大久保町3丁目12-22,0294-34-2118,0294-34-2118,提供中,2010/1/1,医療法人圭愛会,茨城県日立市大久保町2409番地の3
0822600201,共同生活援助,障害者グループホームあおいとり,3110105,茨城県那珂市菅谷3023-4,029-353-2180,029-353-2170,提供中,2009/11/1,有限会社　あおいとり,茨城県那珂市飯田2190-7
0820200400,共同生活援助,けやきホーム,3191222,茨城県日立市久慈町5丁目23番3,0294-53-2331,0294-53-2332,提供中,2009/9/1,日立市,茨城県日立市助川町1丁目1番1号
0822000428,共同生活援助,ひまわりホーム,3050053,茨城県つくば市小野川１２－３８,029-828-7211,029-839-0511,提供中,2009/9/1,特定非営利活動法人艫づな会,茨城県つくば市上横場2236番地1
0821100187,共同生活援助,グループホーム　まつの木,3030043,茨城県常総市内守谷町３７２１－２,0297-27-0721,0297-27-3402,提供中,2009/6/1,医療法人　仁愛会,茨城県常総市内守谷町3770-7
0820300309,共同生活援助,グループホームはなまる,3000823,茨城県土浦市小松1-21-5,029-886-6600,029-886-6602,提供中,2009/5/1,株式会社　乙戸の杜,茨城県土浦市小松一丁目21番9号
0822100210,共同生活援助,グループホーム　チェリー館,3120032,茨城県ひたちなか市大字津田2530番地3,029-219-4078,029-219-4078,提供中,2009/1/1,特定非営利活動法人　チェリー館,茨城県ひたちなか市大字津田2530番地3
0820700052,共同生活援助,ケアホームヴィラ結城,3070021,茨城県結城市大字上山川109番地,0296-35-6056,0296-35-6131,提供中,2008/11/1,特定非営利活動法人セラヴィ,茨城県結城市大字上山川１１１番地
0824300107,共同生活援助,自立支援センターきぼう　,3060414,茨城県猿島郡境町内門718-1,0280-33-8295,0280-33-8296,提供中,2008/11/1,株式会社　岩井企画　,茨城県坂東市沓掛３６８２番地
0820100998,共同生活援助,ケアホームスマイル,3100844,茨城県水戸市住吉町148-8,029-212-8324,029-212-8325,提供中,2008/10/1,社会福祉法人　木犀会,茨城県笠間市鯉渕字十ノ割6266番185
0821100161,共同生活援助,グループホーム柏木寮,3030042,茨城県常総市坂手町1231-3,0297-27-1419,0297-27-4633,提供中,2008/10/1,社会福祉法人かしわ学園,茨城県常総市坂手町1231-3
0821500089,共同生活援助,グループホーム　アーシャ,3191542,茨城県北茨城市磯原町本町２－４－７,0293-42-5455,0293-42-5445,提供中,2008/9/1,特定非営利活動法人北茨城市手をつなぐ親の会,茨城県北茨城市磯原町本町２－４－７
0822500161,共同生活援助,慈雍厚生園,3114503,茨城県常陸大宮市野口1294,0295-55-2727,0295-55-2729,提供中,2008/9/1,社会福祉法人　仁川会,茨城県常陸大宮市野口1294
0823400080,共同生活援助,グループホーム　ゆたりま,3193526,茨城県久慈郡大子町大字大子字十二所前412番地1,0295-72-5933,0295-72-5881,提供中,2008/7/1,医療法人直志会,茨城県久慈郡大子町大字北田気字広林76番地
0821600236,共同生活援助,かしの木　笠間,3190206,茨城県笠間市安居字下平３１４０番地,0299-45-6001,0299-45-6077,提供中,2008/4/1,社会福祉法人　やまびこの里福祉会,茨城県東茨城郡城里町小勝字大藤１７８０番地２２
0822000345,共同生活援助,つくばライフサポートセンター,3002645,茨城県つくば市上郷7563-67,029-847-7980,029-847-7981,提供中,2008/4/1,社会福祉法人創志会,茨城県つくば市上郷7563番地67
0822200127,共同生活援助,鹿島の里,3140017,茨城県鹿嶋市旭ケ丘１－５－４,0299-82-2169,0299-82-2169,提供中,2008/4/1,公益財団法人　鹿島病院,茨城県鹿嶋市平井１１２９－２
0820100790,共同生活援助,グリーンホーム,3100913,茨城県水戸市見川町2563番地の121,029-241-3738,029-297-6522,提供中,2007/4/1,特定非営利活動法人　グリーンホーム,茨城県水戸市見川町2563番地の121
0820200327,共同生活援助,ひたち育成会生活ホーム,3191224,茨城県日立市南高野町2-10-24,0294-54-1217,0294-54-1116,提供中,2007/4/1,社会福祉法人　ひたち育成会,茨城県日立市南高野町2-10-24
0820300234,共同生活援助,ざっきょやホーム,3000031,茨城県土浦市東崎町６番２９号,029-825-6537,029-825-6531,提供中,2007/4/1,特定非営利活動法人　ざっきょやくらぶ,茨城県土浦市東崎町６番２９号
0820700045,共同生活援助,あすなろ園,3070021,茨城県結城市上山川202番地,0296-35-1330,0296-35-1360,提供中,2007/4/1,社会福祉法人　希望会,茨城県結城市大字上山川202番地
0822600136,共同生活援助,グループホーム　葵,3192105,茨城県那珂市古徳706番地,029-296-0310,029-219-7766,提供中,2007/4/1,特定非営利活動法人　スマイル愛昌園,茨城県那珂市古徳706番地
0822900254,共同生活援助,ひばり寮,3140115,茨城県神栖市知手3823,0299-96-1831,0299-96-4141,提供中,2007/4/1,社会福祉法人　神栖啓愛園,茨城県神栖市知手字柳堀新開3653番地1
0821600186,共同生活援助,渡辺福祉サポートセンター,3091703,茨城県笠間市鯉淵6342番地29,0296-78-5105,0296-71-5075,提供中,2006/12/1,渡辺福祉サポート株式会社,茨城県笠間市鯉淵6342番地29
0820100147,共同生活援助,ひらす館,3100853,茨城県水戸市平須町1885-10,0296-72-9346,0296-72-9981,提供中,2006/10/1,社会福祉法人　城北福祉会,茨城県笠間市大渕524-1
0820100162,共同生活援助,ふたばホーム,3100853,茨城県水戸市平須町1225-3,029-244-5556,029-291-4535,提供中,2006/10/1,特定非営利活動法人オプティマム,茨城県水戸市平須町1225番地3
0820100220,共同生活援助,はっぴぃハウスかくらい,3114163,茨城県水戸市加倉井町104,029-254-7814,029-257-7376,提供中,2006/10/1,社会福祉法人　ひだまり会,茨城県水戸市加倉井町104番地
0820100253,共同生活援助,グループホームやまと,3190323,茨城県水戸市鯉淵町5065番地の89,029-259-5843,029-212-3605,提供中,2006/10/1,特定非営利活動法人　並木会,茨城県水戸市鯉淵町5065番地の89
0820100303,共同生活援助,水戸どんぐりの家,3100901,茨城県水戸市田野町831-1,029-229-8860,029-284-1822,提供中,2006/10/1,社会福祉法人　育実会,茨城県水戸市田野町831-1
0820100352,共同生活援助,グループホーム千波寮,3100851,茨城県水戸市千波町2817-5,029-240-1060,029-240-1586,提供中,2006/10/1,医療法人　南山会,茨城県水戸市酒門町中千束1577-10
0820100360,共同生活援助,グループホーム　さつき,3114144,茨城県水戸市開江町1988-1,029-252-8977,029-350-1028,提供中,2006/10/1,特定非営利活動法人　朋秀会,茨城県水戸市開江町1988-1
0820100378,共同生活援助,あすなろホーム,3190315,茨城県水戸市内原町1427-7,029-297-3225,029-297-3227,提供中,2006/10/1,社会福祉法人　茨城県社会福祉事業団,茨城県水戸市杉崎町1460番地
0820100386,共同生活援助,ユーアイホーム,3100827,茨城県水戸市吉沼町1768-1,029-239-5062,029-239-5063,提供中,2006/10/1,社会福祉法人　ユーアイ村,茨城県水戸市吉沼町1839番地1
0820100667,共同生活援助,森のふくろう,3190306,茨城県水戸市杉崎町1555-1,029-259-7606,029-350-6161,提供中,2006/10/1,株式会社　栄光通商,茨城県水戸市杉崎町1263番地の1
0820300135,共同生活援助,ぼだいじゅ,3000013,茨城県土浦市神立町1791,029-831-1686,029-831-8636,提供中,2006/10/1,社会福祉法人　尚恵学園,茨城県土浦市神立町1791
0820400034,共同生活援助,桜寮,3060233,茨城県古河市西牛谷737,0280-98-2231,0280-98-4866,提供中,2006/10/1,医療法人　共助会,茨城県古河市中央町1-5-1
0820400133,共同生活援助,みのりホーム,3060101,茨城県古河市尾崎５７０８番地,0280-76-7733,0280-75-1080,提供中,2006/10/1,社会福祉法人　芳香会,茨城県古河市上大野698番地
0820500106,共同生活援助,アムール,3150034,茨城県石岡市東田中393-1,0299-26-1271,0299-26-7091,提供中,2006/10/1,医療法人　聖和会,茨城県小美玉市高崎2032-6
0820500122,共同生活援助,知的障害者授産施設　しろがね苑,3150005,茨城県石岡市鹿の子4丁目16番52号,0299-22-3215,0299-22-3220,提供中,2006/10/1,社会福祉法人白銀会,茨城県石岡市鹿の子四丁目16番52号
0820500163,共同生活援助,ステップハート,3150048,茨城県石岡市三村2511-37,0299-36-1313,0299-36-1800,提供中,2006/10/1,社会福祉法人　陽山会,茨城県石岡市三村字長峰2595番地の2
0820500197,共同生活援助,サークル・ホームⅠ,3150116,茨城県石岡市柿岡3806-3,0299-43-3434,0299-43-6498,提供中,2006/10/1,医療法人　滝田会,茨城県石岡市柿岡3787
0820800092,共同生活援助,清峰荘,3010804,茨城県龍ケ崎市長峰町1080,0297-64-1152,0297-64-1151,提供中,2006/10/1,医療法人社団　八峰会,茨城県龍ケ崎市貝原塚町3690-2
0820800134,共同生活援助,友歩,3010837,茨城県龍ケ崎市根町3321-12,0297-64-8820,0297-64-8820,提供中,2006/10/1,特定非営利活動法人　愛in龍ヶ崎,茨城県龍ケ崎市根町3321-12
0821600079,共同生活援助,愛の里,3091601,茨城県笠間市大橋一丁田12,0296-72-8131,0296-72-8771,提供中,2006/10/1,社会福祉法人　朝日会,茨城県笠間市大橋一丁目12
0821600178,共同生活援助,ケアホームクローバー,3091703,茨城県笠間市鯉淵6266-143,0296-77-3020,0296-77-3093,提供中,2006/10/1,社会福祉法人　木犀会,茨城県笠間市鯉淵字十ノ割6266番地185
0821800075,共同生活援助,マルタホーム,3060515,茨城県坂東市沓掛5761-10,0297-44-2116,0297-44-2116,提供中,2006/10/1,社会福祉法人　修倫福祉会,茨城県坂東市神田山2208
0821800083,共同生活援助,グループホーム春詠・山遥・青杜,3060515,茨城県坂東市沓掛4484-6,0297-30-3322,0297-30-3323,提供中,2006/10/1,医療法人　清風会,茨城県坂東市沓掛411番地
0821800125,共同生活援助,もみじ寮,3060515,茨城県坂東市沓掛4947-2,0297-44-0768,0297-44-0465,提供中,2006/10/1,社会福祉法人　清風福祉会,茨城県坂東市沓掛337
0821800166,共同生活援助,慈光ホーム,3060504,茨城県坂東市生子1617,0280-88-0301,0280-88-1178,提供中,2006/10/1,社会福祉法人　慈光学園,茨城県坂東市生子1617
0821900107,共同生活援助,すばる,3001237,茨城県牛久市田宮三丁目1番地18,029-873-8883,029-886-5161,提供中,2006/10/1,特定非営利活動法人　おおぞら,茨城県牛久市田宮三丁目1番地18
0822000196,共同生活援助,自然生ホーム,3004211,茨城県つくば市臼井1623-18,029-866-2192,029-866-2192,提供中,2006/10/1,特定非営利活動法人　自然生クラブ,茨城県つくば市臼井1623番地18
0822000220,共同生活援助,サバー,3002645,茨城県つくば市上郷7563-67,029-875-5251,029-875-5341,提供中,2006/10/1,社会福祉法人創志会,茨城県つくば市上郷7563番地67
0822000253,共同生活援助,こだまホーム,3001252,茨城県つくば市高見原2-8-68,029-874-1197,029-874-1197,提供中,2006/10/1,社会福祉法人　ふたば会,茨城県つくば市高見原2-8-12
0822100087,共同生活援助,グループホーム　はまぎく,3111231,茨城県ひたちなか市柳沢2840-1,029-264-1411,029-264-1422,提供中,2006/10/1,社会福祉法人はまぎくの会,茨城県ひたちなか市柳沢字坂下2831
0822200069,共同生活援助,中台育心園,3112213,茨城県鹿嶋市中431-20,0299-69-2222,0299-69-2237,提供中,2006/10/1,社会福祉法人みのり会,茨城県鹿嶋市大字中431番地20
0822200077,共同生活援助,鹿島育成園生活支援センター,3140016,茨城県鹿嶋市国末1539-1,0299-82-6464,0299-83-3261,提供中,2006/10/1,社会福祉法人　鹿島育成園,茨城県鹿嶋市国末1539番1
0822600078,共同生活援助,くりの木,3110117,茨城県那珂市豊喰1152-1,029-295-7652,029-295-7681,提供中,2006/10/1,医療法人社団　有朋会,茨城県那珂市豊喰５０５
0822700126,共同生活援助,ピアしらとり,3080862,茨城県筑西市小塙861,0296-25-0833,0296-22-5973,提供中,2006/10/1,社会福祉法人　征峯会,茨城県筑西市上平塚５９０－１
0822700134,共同生活援助,さぽーとハウス　けやき,3010902,茨城県稲敷市上根本3551,0297-87-0021,0297-87-0023,提供中,2006/10/1,医療法人精光会,茨城県稲敷市上根本3474番地
0822700167,共同生活援助,下館ﾒﾝﾀﾙｻﾎﾟｰﾄｾﾝﾀｰ,3080843,茨城県筑西市野殿1137番地4,0296-24-5540,0296-24-5540,提供中,2006/10/1,医療法人社団　平仁会,茨城県筑西市野殿1131番地
0822700217,共同生活援助,グループホームあんずの里,3080811,茨城県筑西市茂田1735-2,0296-22-5048,0296-24-2078,提供中,2006/10/1,社会福祉法人　慶育会,茨城県筑西市茂田1740番地
0822700274,共同生活援助,太白荘,3000621,茨城県稲敷市阿波１２５９－１,029-894-4567,029-894-3611,提供中,2006/10/1,医療法人社団　広文会,茨城県稲敷市阿波1299
0822800082,共同生活援助,ほびきハウス,3000213,茨城県かすみがうら市牛渡4019-5,029-898-3661,029-898-3760,提供中,2006/10/1,社会福祉法人　明清会,茨城県かすみがうら市牛渡5513-1
0822900197,共同生活援助,鹿島ダルク・シャロームハウス,3140143,茨城県神栖市神栖1-6-26,0299-93-5507,0299-93-5508,提供中,2006/10/1,特定非営利活動法人　ＫＡＳＨＩＭＡアディクションサポートセンター,茨城県神栖市神栖一丁目6番26号
0823100086,共同生活援助,報恩会グループホーム　すだち荘,3113122,茨城県東茨城郡茨城町上石崎4698,029-293-7155,029-293-6062,提供中,2006/10/1,財団法人　報恩会,茨城県東茨城郡茨城町上石崎4698
0823300025,共同生活援助,捜真寮,3191102,茨城県那珂郡東海村石神内宿2382-1,029-306-0068,029-282-1413,提供中,2006/10/1,社会福祉法人　愛信会,茨城県那珂郡東海村石神内宿1213
0823300033,共同生活援助,共同生活援助事業所　幸の実園,3191102,茨城県那珂郡東海村石神内宿1213,029-282-0644,029-282-0433,提供中,2006/10/1,社会福祉法人　愛信会,茨城県那珂郡東海村石神内宿1213
0824200034,共同生活援助,あじさいホーム,3003561,茨城県結城郡八千代町平塚4799-1,0296-48-2924,0296-48-2924,提供中,2006/10/1,社会福祉法人　共生社,茨城県古河市鴻巣1179
0827100033,共同生活援助,つばさ,3004426,茨城県桜川市真壁町下谷貝375-2,0296-55-0928,0296-55-0917,提供中,2006/10/1,社会福祉法人　紫峰会,茨城県桜川市真壁町下谷貝1595-2
0827300021,共同生活援助,グループホーム　ボランペの家,3002307,茨城県つくばみらい市板橋2147-4,0297-57-0756,0297-38-6551,提供中,2006/10/1,社会福祉法人ゆっこら,茨城県龍ケ崎市字古城3204番地
0827400045,共同生活援助,グループホーム玉里の里,3113433,茨城県小美玉市高崎冨士峰1824-500,0299-27-0002,0299-27-1181,提供中,2006/10/1,社会福祉法人　聖隷会,茨城県小美玉市高崎2206-1
0827100108,共同生活援助,真壁厚生学園,3004422,茨城県桜川市真壁町亀熊852,0296-54-2578,0296-54-2577,提供中,2006/7/1,社会福祉法人　筑紫会,茨城県桜川市真壁町亀熊1464-1